surface_temperature_k,h_gas_density_cm3,uv_flux_factor,gas_temperature_k,ct_model_variant,gas_flux_h_cm2_s,arrival_rate_per_site_s,sticking_probability,ct_epsilon,ct_h2_release_rate_cm2_s,ct02_epsilon,ct02_h2_release_rate_cm2_s,h2_release_rate_cm2_s_mean,ratio_kmc_over_ct02,log10_ratio_kmc_over_ct02
10.0,10.0,0.0,100.0,erratum2010_approx,362412.9740951857,9.060324352379644e-10,0.5,0.9999999816994319,90603.2418657056,0.9999999816994319,90603.2418657056,6615.366941871051,0.07301468253946712,-1.136589798719306
10.0,10.0,1.0,100.0,erratum2010_approx,362412.9740951857,9.060324352379644e-10,0.5,0.9999999816994319,90603.2418657056,0.9999999816994319,90603.2418657056,6676.600861007637,0.07369052942833837,-1.1325883232847815
10.0,10.0,10.0,100.0,erratum2010_approx,362412.9740951857,9.060324352379644e-10,0.5,0.9999999816994319,90603.2418657056,0.9999999816994319,90603.2418657056,6727.812970864351,0.07425576427868315,-1.1292698275695947
10.0,10.0,100.0,100.0,erratum2010_approx,362412.9740951857,9.060324352379644e-10,0.5,0.9999999816994319,90603.2418657056,0.9999999816994319,90603.2418657056,6326.829353592539,0.06983005489991544,-1.1559576165194738
10.0,100.0,0.0,100.0,erratum2010_approx,3624129.740951857,9.060324352379644e-09,0.5,0.9999999811628594,906032.4181709039,0.9999999811628594,906032.4181709039,67415.23331316767,0.07440708738575313,-1.1283856952884437
10.0,100.0,1.0,100.0,erratum2010_approx,3624129.740951857,9.060324352379644e-09,0.5,0.9999999811628594,906032.4181709039,0.9999999811628594,906032.4181709039,69013.81278520117,0.0761714607569187,-1.1182077157655999
10.0,100.0,10.0,100.0,erratum2010_approx,3624129.740951857,9.060324352379644e-09,0.5,0.9999999811628594,906032.4181709039,0.9999999811628594,906032.4181709039,65409.72608266234,0.07219358244897169,-1.1415014067360856
10.0,100.0,100.0,100.0,erratum2010_approx,3624129.740951857,9.060324352379644e-09,0.5,0.9999999811628594,906032.4181709039,0.9999999811628594,906032.4181709039,67593.59282316154,0.07460394514317636,-1.1272382059239943
10.0,1000.0,0.0,100.0,erratum2010_approx,36241297.40951857,9.060324352379644e-08,0.5,0.9999999757971344,9060324.13309383,0.9999999757971344,9060324.13309383,690294.5309988173,0.07618872358853483,-1.1181093022256425
10.0,1000.0,1.0,100.0,erratum2010_approx,36241297.40951857,9.060324352379644e-08,0.5,0.9999999757971344,9060324.13309383,0.9999999757971344,9060324.13309383,674736.2264083913,0.07447153286093187,-1.1280097069033348
10.0,1000.0,10.0,100.0,erratum2010_approx,36241297.40951857,9.060324352379644e-08,0.5,0.9999999757971344,9060324.13309383,0.9999999757971344,9060324.13309383,686855.6886100185,0.0758091739898358,-1.120278235369533
10.0,1000.0,100.0,100.0,erratum2010_approx,36241297.40951857,9.060324352379644e-08,0.5,0.9999999757971344,9060324.13309383,0.9999999757971344,9060324.13309383,667976.1145521939,0.07372541034291893,-1.1323828015612516
10.0,10000.0,0.0,100.0,erratum2010_approx,362412974.0951857,9.060324352379644e-07,0.5,0.9999999221398878,90603236.46941772,0.9999999221398878,90603236.46941772,6489293.5948501555,0.07162319854921029,-1.1449462881655823
10.0,10000.0,1.0,100.0,erratum2010_approx,362412974.0951857,9.060324352379644e-07,0.5,0.9999999221398878,90603236.46941772,0.9999999221398878,90603236.46941772,6588044.474201956,0.07271312516993461,-1.138387189218184
10.0,10000.0,10.0,100.0,erratum2010_approx,362412974.0951857,9.060324352379644e-07,0.5,0.9999999221398878,90603236.46941772,0.9999999221398878,90603236.46941772,6823995.999973807,0.07531735361658061,-1.1231049479478201
10.0,10000.0,100.0,100.0,erratum2010_approx,362412974.0951857,9.060324352379644e-07,0.5,0.9999999221398878,90603236.46941772,0.9999999221398878,90603236.46941772,6803909.056926668,0.07509565134820834,-1.1243852114666484
20.0,10.0,0.0,100.0,erratum2010_approx,362412.9740951857,9.060324352379644e-10,0.5,0.9995983777193269,90566.85524249602,0.9995983777193269,90566.85524249602,31986.01800119652,0.35317576077421264,-0.45200911065290905
20.0,10.0,1.0,100.0,erratum2010_approx,362412.9740951857,9.060324352379644e-10,0.5,0.9995983777193269,90566.85524249602,0.9995983777193269,90566.85524249602,31917.604097208212,0.3524203640696994,-0.45293900449501795
20.0,10.0,10.0,100.0,erratum2010_approx,362412.9740951857,9.060324352379644e-10,0.5,0.9995983777193269,90566.85524249602,0.9995983777193269,90566.85524249602,31589.08723897736,0.34879302316941935,-0.4574322107501537
20.0,10.0,100.0,100.0,erratum2010_approx,362412.9740951857,9.060324352379644e-10,0.5,0.9995983777193269,90566.85524249602,0.9995983777193269,90566.85524249602,25577.235691090988,0.2824127615186264,-0.5491156825072807
20.0,100.0,0.0,100.0,erratum2010_approx,3624129.740951857,9.060324352379644e-09,0.5,0.9995983777193269,905668.5524249602,0.9995983777193269,905668.5524249602,319859.6959998044,0.3531752263489425,-0.4520097678274584
20.0,100.0,1.0,100.0,erratum2010_approx,3624129.740951857,9.060324352379644e-09,0.5,0.9995983777193269,905668.5524249602,0.9995983777193269,905668.5524249602,320035.08388013404,0.3533688820520803,-0.4517716974667607
20.0,100.0,10.0,100.0,erratum2010_approx,3624129.740951857,9.060324352379644e-09,0.5,0.9995983777193269,905668.5524249602,0.9995983777193269,905668.5524249602,319275.87122991966,0.3525305923177381,-0.45280318931573643
20.0,100.0,100.0,100.0,erratum2010_approx,3624129.740951857,9.060324352379644e-09,0.5,0.9995983777193269,905668.5524249602,0.9995983777193269,905668.5524249602,315890.3351324246,0.3487924299531179,-0.45743294938529916
20.0,1000.0,0.0,100.0,erratum2010_approx,36241297.40951857,9.060324352379644e-08,0.5,0.9995983777193262,9056685.524249597,0.9995983777193262,9056685.524249597,3199744.187351755,0.35330189822582736,-0.45185402917486983
20.0,1000.0,1.0,100.0,erratum2010_approx,36241297.40951857,9.060324352379644e-08,0.5,0.9995983777193262,9056685.524249597,0.9995983777193262,9056685.524249597,3187739.978581615,0.35197644547183715,-0.4534863988624475
20.0,1000.0,10.0,100.0,erratum2010_approx,36241297.40951857,9.060324352379644e-08,0.5,0.9995983777193262,9056685.524249597,0.9995983777193262,9056685.524249597,3196033.419463021,0.3528921713032354,-0.4523579760903513
20.0,1000.0,100.0,100.0,erratum2010_approx,36241297.40951857,9.060324352379644e-08,0.5,0.9995983777193262,9056685.524249597,0.9995983777193262,9056685.524249597,3193821.473045039,0.35264793775752384,-0.4526586515135421
20.0,10000.0,0.0,100.0,erratum2010_approx,362412974.0951857,9.060324352379644e-07,0.5,0.9995983777193203,90566855.24249542,0.9995983777193203,90566855.24249542,31898670.727300107,0.3522113099973548,-0.4531967023421173
20.0,10000.0,1.0,100.0,erratum2010_approx,362412974.0951857,9.060324352379644e-07,0.5,0.9995983777193203,90566855.24249542,0.9995983777193203,90566855.24249542,31923112.605675597,0.352481186635006,-0.4528640581297361
20.0,10000.0,10.0,100.0,erratum2010_approx,362412974.0951857,9.060324352379644e-07,0.5,0.9995983777193203,90566855.24249542,0.9995983777193203,90566855.24249542,31896365.338274647,0.3521858548899726,-0.45322809092011906
20.0,10000.0,100.0,100.0,erratum2010_approx,362412974.0951857,9.060324352379644e-07,0.5,0.9995983777193203,90566855.24249542,0.9995983777193203,90566855.24249542,31894898.275735214,0.35216965622065255,-0.4532480666073683
30.0,10.0,0.0,100.0,erratum2010_approx,362412.9740951857,9.060324352379644e-10,0.5,0.9967924221058659,90312.62656273265,0.9967924221058659,90312.62656273265,30880.201446441537,0.34192562681134775,-0.46606834826548804
30.0,10.0,1.0,100.0,erratum2010_approx,362412.9740951857,9.060324352379644e-10,0.5,0.9967924221058659,90312.62656273265,0.9967924221058659,90312.62656273265,30877.36326726466,0.3418942006499693,-0.4661082658225274
30.0,10.0,10.0,100.0,erratum2010_approx,362412.9740951857,9.060324352379644e-10,0.5,0.9967924221058659,90312.62656273265,0.9967924221058659,90312.62656273265,30487.37022691231,0.33757594466301205,-0.47162850835067904
30.0,10.0,100.0,100.0,erratum2010_approx,362412.9740951857,9.060324352379644e-10,0.5,0.9967924221058659,90312.62656273265,0.9967924221058659,90312.62656273265,23681.085926765485,0.2622123486832288,-0.5813468594090896
30.0,100.0,0.0,100.0,erratum2010_approx,3624129.740951857,9.060324352379644e-09,0.5,0.9967924221058659,903126.2656273266,0.9967924221058659,903126.2656273266,308801.7470369335,0.34192533069828795,-0.46606872437161606
30.0,100.0,1.0,100.0,erratum2010_approx,3624129.740951857,9.060324352379644e-09,0.5,0.9967924221058659,903126.2656273266,0.9967924221058659,903126.2656273266,308086.1970054456,0.341133027275476,-0.4670762317238753
30.0,100.0,10.0,100.0,erratum2010_approx,3624129.740951857,9.060324352379644e-09,0.5,0.9967924221058659,903126.2656273266,0.9967924221058659,903126.2656273266,308851.8375244133,0.3419807941361108,-0.46599828351965705
30.0,100.0,100.0,100.0,erratum2010_approx,3624129.740951857,9.060324352379644e-09,0.5,0.9967924221058659,903126.2656273266,0.9967924221058659,903126.2656273266,304549.42584099376,0.3372168847613447,-0.47209068797643766
30.0,1000.0,0.0,100.0,erratum2010_approx,36241297.40951857,9.060324352379644e-08,0.5,0.9967924221058659,9031262.656273264,0.9967924221058659,9031262.656273264,3082423.8768300745,0.3413059717279922,-0.46685611293488133
30.0,1000.0,1.0,100.0,erratum2010_approx,36241297.40951857,9.060324352379644e-08,0.5,0.9967924221058659,9031262.656273264,0.9967924221058659,9031262.656273264,3097145.926078883,0.3429360925437767,-0.4647868048596286
30.0,1000.0,10.0,100.0,erratum2010_approx,36241297.40951857,9.060324352379644e-08,0.5,0.9967924221058659,9031262.656273264,0.9967924221058659,9031262.656273264,3081613.220241867,0.341216210570659,-0.46697034446187
30.0,1000.0,100.0,100.0,erratum2010_approx,36241297.40951857,9.060324352379644e-08,0.5,0.9967924221058659,9031262.656273264,0.9967924221058659,9031262.656273264,3090967.754666672,0.3422520053183964,-0.465653998574067
30.0,10000.0,0.0,100.0,erratum2010_approx,362412974.0951857,9.060324352379644e-07,0.5,0.9967924221058659,90312626.56273265,0.9967924221058659,90312626.56273265,30918983.70227767,0.3423550491115529,-0.4655232626992009
30.0,10000.0,1.0,100.0,erratum2010_approx,362412974.0951857,9.060324352379644e-07,0.5,0.9967924221058659,90312626.56273265,0.9967924221058659,90312626.56273265,30911262.195516855,0.342269551578653,-0.46563173413569425
30.0,10000.0,10.0,100.0,erratum2010_approx,362412974.0951857,9.060324352379644e-07,0.5,0.9967924221058659,90312626.56273265,0.9967924221058659,90312626.56273265,30797672.14855683,0.34101180887662763,-0.4672305815906165
30.0,10000.0,100.0,100.0,erratum2010_approx,362412974.0951857,9.060324352379644e-07,0.5,0.9967924221058659,90312626.56273265,0.9967924221058659,90312626.56273265,30718796.495334268,0.3401384464662478,-0.46834427619884667
40.0,10.0,0.0,100.0,erratum2010_approx,362412.9740951857,9.060324352379644e-10,0.5,0.9832482644259322,89085.48194613292,0.9832482644259322,89085.48194613292,30868.919833557964,0.34650898394671525,-0.46028550094278264
40.0,10.0,1.0,100.0,erratum2010_approx,362412.9740951857,9.060324352379644e-10,0.5,0.9832482644259322,89085.48194613292,0.9832482644259322,89085.48194613292,30864.12407948642,0.3464551507747239,-0.4603529775939246
40.0,10.0,10.0,100.0,erratum2010_approx,362412.9740951857,9.060324352379644e-10,0.5,0.9832482644259322,89085.48194613292,0.9832482644259322,89085.48194613292,30466.744746811728,0.3419944987807775,-0.46598087981628467
40.0,10.0,100.0,100.0,erratum2010_approx,362412.9740951857,9.060324352379644e-10,0.5,0.9832482644259322,89085.48194613292,0.9832482644259322,89085.48194613292,23670.48911557761,0.2657053494966821,-0.5755997017677332
40.0,100.0,0.0,100.0,erratum2010_approx,3624129.740951857,9.060324352379644e-09,0.5,0.9832482644259322,890854.8194613291,0.9832482644259322,890854.8194613291,308688.93069034384,0.3465086835102918,-0.4602858774927236
40.0,100.0,1.0,100.0,erratum2010_approx,3624129.740951857,9.060324352379644e-09,0.5,0.9832482644259322,890854.8194613291,0.9832482644259322,890854.8194613291,308324.7710307995,0.3460999079706763,-0.46079851618646395
40.0,100.0,10.0,100.0,erratum2010_approx,3624129.740951857,9.060324352379644e-09,0.5,0.9832482644259322,890854.8194613291,0.9832482644259322,890854.8194613291,308719.44605813775,0.34654293754038434,-0.4602429475411517
40.0,100.0,100.0,100.0,erratum2010_approx,3624129.740951857,9.060324352379644e-09,0.5,0.9832482644259322,890854.8194613291,0.9832482644259322,890854.8194613291,304507.30597956036,0.3418147371798314,-0.46620921681158045
40.0,1000.0,0.0,100.0,erratum2010_approx,36241297.40951857,9.060324352379644e-08,0.5,0.9832482644259322,8908548.194613291,0.9832482644259322,8908548.194613291,3086165.40285705,0.3464274240243942,-0.4603877355027354
40.0,1000.0,1.0,100.0,erratum2010_approx,36241297.40951857,9.060324352379644e-08,0.5,0.9832482644259322,8908548.194613291,0.9832482644259322,8908548.194613291,3099421.1263510063,0.3479154019984003,-0.45852634488030886
40.0,1000.0,10.0,100.0,erratum2010_approx,36241297.40951857,9.060324352379644e-08,0.5,0.9832482644259322,8908548.194613291,0.9832482644259322,8908548.194613291,3081570.9117874447,0.34591168442583836,-0.46103476786143993
40.0,1000.0,100.0,100.0,erratum2010_approx,36241297.40951857,9.060324352379644e-08,0.5,0.9832482644259322,8908548.194613291,0.9832482644259322,8908548.194613291,3089643.8811786533,0.34681788925459933,-0.45989850922298336
40.0,10000.0,0.0,100.0,erratum2010_approx,362412974.0951857,9.060324352379644e-07,0.5,0.9832482644259322,89085481.94613291,0.9832482644259322,89085481.94613291,30909252.453581143,0.3469617246081798,-0.459718432149488
40.0,10000.0,1.0,100.0,erratum2010_approx,362412974.0951857,9.060324352379644e-07,0.5,0.9832482644259322,89085481.94613291,0.9832482644259322,89085481.94613291,30901099.73774483,0.3468702089576135,-0.4598329980561765
40.0,10000.0,10.0,100.0,erratum2010_approx,362412974.0951857,9.060324352379644e-07,0.5,0.9832482644259322,89085481.94613291,0.9832482644259322,89085481.94613291,30819033.86723869,0.3459490053146253,-0.46098791375824844
40.0,10000.0,100.0,100.0,erratum2010_approx,362412974.0951857,9.060324352379644e-07,0.5,0.9832482644259322,89085481.94613291,0.9832482644259322,89085481.94613291,30727457.275474917,0.344921042174468,-0.46228031035426076
50.0,10.0,0.0,100.0,erratum2010_approx,362412.9740951857,9.060324352379644e-10,0.5,0.9557381049584678,86592.97226852376,0.9557381049584678,86592.97226852376,30868.927654898405,0.35648305914681194,-0.447961103943598
50.0,10.0,1.0,100.0,erratum2010_approx,362412.9740951857,9.060324352379644e-10,0.5,0.9557381049584678,86592.97226852376,0.9557381049584678,86592.97226852376,30864.13441585158,0.3564277054740917,-0.44802854518830015
50.0,10.0,10.0,100.0,erratum2010_approx,362412.9740951857,9.060324352379644e-10,0.5,0.9557381049584678,86592.97226852376,0.9557381049584678,86592.97226852376,30466.75100222202,0.3518386100403736,-0.4536565036864118
50.0,10.0,100.0,100.0,erratum2010_approx,362412.9740951857,9.060324352379644e-10,0.5,0.9557381049584678,86592.97226852376,0.9557381049584678,86592.97226852376,23670.48988311595,0.2733534750339098,-0.5632754007244689
50.0,100.0,0.0,100.0,erratum2010_approx,3624129.740951857,9.060324352379644e-09,0.5,0.9557381049584678,865929.7226852376,0.9557381049584678,865929.7226852376,308688.93851210864,0.35648266877232015,-0.4479615795274333
50.0,100.0,1.0,100.0,erratum2010_approx,3624129.740951857,9.060324352379644e-09,0.5,0.9557381049584678,865929.7226852376,0.9557381049584678,865929.7226852376,308324.78107336734,0.35606212951930544,-0.4484742150800382
50.0,100.0,10.0,100.0,erratum2010_approx,3624129.740951857,9.060324352379644e-09,0.5,0.9557381049584678,865929.7226852376,0.9557381049584678,865929.7226852376,308719.4562767996,0.3565179115453669,-0.44791864620508787
50.0,100.0,100.0,100.0,erratum2010_approx,3624129.740951857,9.060324352379644e-09,0.5,0.9557381049584678,865929.7226852376,0.9557381049584678,865929.7226852376,304507.3120379046,0.35165360890215325,-0.4538849212101985
50.0,1000.0,0.0,100.0,erratum2010_approx,36241297.40951857,9.060324352379644e-08,0.5,0.9557381049584678,8659297.226852376,0.9557381049584678,8659297.226852376,3086165.410537195,0.35639906215102923,-0.4480634474611133
50.0,1000.0,1.0,100.0,erratum2010_approx,36241297.40951857,9.060324352379644e-08,0.5,0.9557381049584678,8659297.226852376,0.9557381049584678,8659297.226852376,3099421.1370349494,0.3579298707317358,-0.4462020564224135
50.0,1000.0,10.0,100.0,erratum2010_approx,36241297.40951857,9.060324352379644e-08,0.5,0.9557381049584678,8659297.226852376,0.9557381049584678,8659297.226852376,3081570.9219927033,0.35586847769086727,-0.4487104794623351
50.0,1000.0,100.0,100.0,erratum2010_approx,36241297.40951857,9.060324352379644e-08,0.5,0.9557381049584678,8659297.226852376,0.9557381049584678,8659297.226852376,3089643.889325387,0.3568007666655024,-0.4475742211169923
50.0,10000.0,0.0,100.0,erratum2010_approx,362412974.0951857,9.060324352379644e-07,0.5,0.9557381049584678,86592972.26852377,0.9557381049584678,86592972.26852377,30909252.46105204,0.3569487413505431,-0.44739414508366826
50.0,10000.0,1.0,100.0,erratum2010_approx,362412974.0951857,9.060324352379644e-07,0.5,0.9557381049584678,86592972.26852377,0.9557381049584678,86592972.26852377,30901099.744575113,0.35685459148753057,-0.44750871099933254
50.0,10000.0,10.0,100.0,erratum2010_approx,362412974.0951857,9.060324352379644e-07,0.5,0.9557381049584678,86592972.26852377,0.9557381049584678,86592972.26852377,30819033.8797534,0.35590687179767827,-0.4486636266210453
50.0,10000.0,100.0,100.0,erratum2010_approx,362412974.0951857,9.060324352379644e-07,0.5,0.9557381049584678,86592972.26852377,0.9557381049584678,86592972.26852377,30727457.286168747,0.35484931953696275,-0.4499560232422679
60.0,10.0,0.0,100.0,erratum2010_approx,362412.9740951857,9.060324352379644e-10,0.5,0.9172604026887703,83106.76763954623,0.9172604026887703,83106.76763954623,30749.9222297222,0.37000503211834573,-0.43179236942930566
60.0,10.0,1.0,100.0,erratum2010_approx,362412.9740951857,9.060324352379644e-10,0.5,0.9172604026887703,83106.76763954623,0.9172604026887703,83106.76763954623,30930.00051415328,0.37217186268516694,-0.4292564639362723
60.0,10.0,10.0,100.0,erratum2010_approx,362412.9740951857,9.060324352379644e-10,0.5,0.9172604026887703,83106.76763954623,0.9172604026887703,83106.76763954623,30406.56215700365,0.36587347842577783,-0.43666907067407257
60.0,10.0,100.0,100.0,erratum2010_approx,362412.9740951857,9.060324352379644e-10,0.5,0.9172604026887703,83106.76763954623,0.9172604026887703,83106.76763954623,23563.67595267928,0.2835349830338792,-0.5473933494650077
60.0,100.0,0.0,100.0,erratum2010_approx,3624129.740951857,9.060324352379644e-09,0.5,0.9172604026887703,831067.6763954622,0.9172604026887703,831067.6763954622,309051.862577272,0.37187327982445817,-0.4296050258402453
60.0,100.0,1.0,100.0,erratum2010_approx,3624129.740951857,9.060324352379644e-09,0.5,0.9172604026887703,831067.6763954622,0.9172604026887703,831067.6763954622,307882.7027280116,0.37046646316864584,-0.4312511008291246
60.0,100.0,10.0,100.0,erratum2010_approx,3624129.740951857,9.060324352379644e-09,0.5,0.9172604026887703,831067.6763954622,0.9172604026887703,831067.6763954622,307470.72938718006,0.36997074741344,-0.43183261306585907
60.0,100.0,100.0,100.0,erratum2010_approx,3624129.740951857,9.060324352379644e-09,0.5,0.9172604026887703,831067.6763954622,0.9172604026887703,831067.6763954622,304194.0972480985,0.3660280695399688,-0.4364856086523582
60.0,1000.0,0.0,100.0,erratum2010_approx,36241297.40951857,9.060324352379644e-08,0.5,0.9172604026887703,8310676.763954623,0.9172604026887703,8310676.763954623,3086476.5643277233,0.37138691011477004,-0.43017340744897714
60.0,1000.0,1.0,100.0,erratum2010_approx,36241297.40951857,9.060324352379644e-08,0.5,0.9172604026887703,8310676.763954623,0.9172604026887703,8310676.763954623,3095270.6889429567,0.372445082014004,-0.4289377560340869
60.0,1000.0,10.0,100.0,erratum2010_approx,36241297.40951857,9.060324352379644e-08,0.5,0.9172604026887703,8310676.763954623,0.9172604026887703,8310676.763954623,3077125.6395866643,0.37026174004659745,-0.43149116222843825
60.0,1000.0,100.0,100.0,erratum2010_approx,36241297.40951857,9.060324352379644e-08,0.5,0.9172604026887703,8310676.763954623,0.9172604026887703,8310676.763954623,3082958.9558348903,0.37096364633099616,-0.4306686482594161
60.0,10000.0,0.0,100.0,erratum2010_approx,362412974.0951857,9.060324352379644e-07,0.5,0.9172604026887703,83106767.63954623,0.9172604026887703,83106767.63954623,30902479.07153328,0.3718407050261498,-0.4296430701837743
60.0,10000.0,1.0,100.0,erratum2010_approx,362412974.0951857,9.060324352379644e-07,0.5,0.9172604026887703,83106767.63954623,0.9172604026887703,83106767.63954623,30901148.21742969,0.3718246912388086,-0.429661774024272
60.0,10000.0,10.0,100.0,erratum2010_approx,362412974.0951857,9.060324352379644e-07,0.5,0.9172604026887703,83106767.63954623,0.9172604026887703,83106767.63954623,30817760.598123897,0.37082131183091893,-0.43083531405129144
60.0,10000.0,100.0,100.0,erratum2010_approx,362412974.0951857,9.060324352379644e-07,0.5,0.9172604026887703,83106767.63954623,0.9172604026887703,83106767.63954623,30735807.96723624,0.36983519922883695,-0.43199175704011616
70.0,10.0,0.0,100.0,erratum2010_approx,362412.9740951857,9.060324352379644e-10,0.5,0.8731943587712933,79114.24113136074,0.8731943587712933,79114.24113136074,30551.67855266588,0.38617166916810947,-0.4132195906686775
70.0,10.0,1.0,100.0,erratum2010_approx,362412.9740951857,9.060324352379644e-10,0.5,0.8731943587712933,79114.24113136074,0.8731943587712933,79114.24113136074,30469.238060534663,0.385129625523978,-0.4143930726348183
70.0,10.0,10.0,100.0,erratum2010_approx,362412.9740951857,9.060324352379644e-10,0.5,0.8731943587712933,79114.24113136074,0.8731943587712933,79114.24113136074,29922.14276102588,0.3782143686538478,-0.4222619759972153
70.0,10.0,100.0,100.0,erratum2010_approx,362412.9740951857,9.060324352379644e-10,0.5,0.8731943587712933,79114.24113136074,0.8731943587712933,79114.24113136074,23101.23756896946,0.291998472570979,-0.5346194203177814
70.0,100.0,0.0,100.0,erratum2010_approx,3624129.740951857,9.060324352379644e-09,0.5,0.8731943587712933,791142.4113136075,0.8731943587712933,791142.4113136075,305995.4061378733,0.38677664319600896,-0.4125397601251363
70.0,100.0,1.0,100.0,erratum2010_approx,3624129.740951857,9.060324352379644e-09,0.5,0.8731943587712933,791142.4113136075,0.8731943587712933,791142.4113136075,306712.9953734787,0.3876836723545316,-0.41152248930914115
70.0,100.0,10.0,100.0,erratum2010_approx,3624129.740951857,9.060324352379644e-09,0.5,0.8731943587712933,791142.4113136075,0.8731943587712933,791142.4113136075,306680.68283111625,0.38764282946467976,-0.4115682451079238
70.0,100.0,100.0,100.0,erratum2010_approx,3624129.740951857,9.060324352379644e-09,0.5,0.8731943587712933,791142.4113136075,0.8731943587712933,791142.4113136075,302285.3636920379,0.38208716833942113,-0.4178375470092005
70.0,1000.0,0.0,100.0,erratum2010_approx,36241297.40951857,9.060324352379644e-08,0.5,0.8731943587712933,7911424.1131360745,0.8731943587712933,7911424.1131360745,3064287.26657024,0.3873243581370285,-0.4119251901508675
70.0,1000.0,1.0,100.0,erratum2010_approx,36241297.40951857,9.060324352379644e-08,0.5,0.8731943587712933,7911424.1131360745,0.8731943587712933,7911424.1131360745,3055969.4553226335,0.3862729910091058,-0.413105657544502
70.0,1000.0,10.0,100.0,erratum2010_approx,36241297.40951857,9.060324352379644e-08,0.5,0.8731943587712933,7911424.1131360745,0.8731943587712933,7911424.1131360745,3082512.403076087,0.38962800615857573,-0.4093498339212772
70.0,1000.0,100.0,100.0,erratum2010_approx,36241297.40951857,9.060324352379644e-08,0.5,0.8731943587712933,7911424.1131360745,0.8731943587712933,7911424.1131360745,3084510.6530512264,0.38988058394312675,-0.40906839214292184
70.0,10000.0,0.0,100.0,erratum2010_approx,362412974.0951857,9.060324352379644e-07,0.5,0.8731943587712933,79114241.13136075,0.8731943587712933,79114241.13136075,30821384.35758219,0.3895807368790477,-0.40940252528920956
70.0,10000.0,1.0,100.0,erratum2010_approx,362412974.0951857,9.060324352379644e-07,0.5,0.8731943587712933,79114241.13136075,0.8731943587712933,79114241.13136075,30784099.47499252,0.3891094578519537,-0.40992821293053
70.0,10000.0,10.0,100.0,erratum2010_approx,362412974.0951857,9.060324352379644e-07,0.5,0.8731943587712933,79114241.13136075,0.8731943587712933,79114241.13136075,30873722.132912196,0.3902422837078052,-0.40866567552051464
70.0,10000.0,100.0,100.0,erratum2010_approx,362412974.0951857,9.060324352379644e-07,0.5,0.8731943587712933,79114241.13136075,0.8731943587712933,79114241.13136075,30718804.147513337,0.3882841282204558,-0.41085036162277605
80.0,10.0,0.0,100.0,erratum2010_approx,362412.9740951857,9.060324352379644e-10,0.5,0.8281197529580125,75030.33564412095,0.8281197529580125,75030.33564412095,29290.321012832555,0.3903797145698577,-0.4085127578067404
80.0,10.0,1.0,100.0,erratum2010_approx,362412.9740951857,9.060324352379644e-10,0.5,0.8281197529580125,75030.33564412095,0.8281197529580125,75030.33564412095,29294.166281710895,0.3904309640924052,-0.40845574684241126
80.0,10.0,10.0,100.0,erratum2010_approx,362412.9740951857,9.060324352379644e-10,0.5,0.8281197529580125,75030.33564412095,0.8281197529580125,75030.33564412095,28807.772129474208,0.3839483307940055,-0.4157272161555664
80.0,10.0,100.0,100.0,erratum2010_approx,362412.9740951857,9.060324352379644e-10,0.5,0.8281197529580125,75030.33564412095,0.8281197529580125,75030.33564412095,21171.03982779805,0.2821664017100385,-0.5494947000806939
80.0,100.0,0.0,100.0,erratum2010_approx,3624129.740951857,9.060324352379644e-09,0.5,0.8281197529580125,750303.3564412094,0.8281197529580125,750303.3564412094,299670.7417972089,0.3993994418718688,-0.39859254635599456
80.0,100.0,1.0,100.0,erratum2010_approx,3624129.740951857,9.060324352379644e-09,0.5,0.8281197529580125,750303.3564412094,0.8281197529580125,750303.3564412094,298865.2170880369,0.3983258431704146,-0.3997615158798782
80.0,100.0,10.0,100.0,erratum2010_approx,3624129.740951857,9.060324352379644e-09,0.5,0.8281197529580125,750303.3564412094,0.8281197529580125,750303.3564412094,300886.4677428948,0.4010197544231177,-0.3968342333009122
80.0,100.0,100.0,100.0,erratum2010_approx,3624129.740951857,9.060324352379644e-09,0.5,0.8281197529580125,750303.3564412094,0.8281197529580125,750303.3564412094,296114.70277990575,0.3946599735131373,-0.40377691759701695
80.0,1000.0,0.0,100.0,erratum2010_approx,36241297.40951857,9.060324352379644e-08,0.5,0.8281197529580125,7503033.564412095,0.8281197529580125,7503033.564412095,3044764.6697587795,0.4058044847620716,-0.3916831576559066
80.0,1000.0,1.0,100.0,erratum2010_approx,36241297.40951857,9.060324352379644e-08,0.5,0.8281197529580125,7503033.564412095,0.8281197529580125,7503033.564412095,3033347.871886263,0.4042828605050953,-0.39331467010793403
80.0,1000.0,10.0,100.0,erratum2010_approx,36241297.40951857,9.060324352379644e-08,0.5,0.8281197529580125,7503033.564412095,0.8281197529580125,7503033.564412095,3038177.8422268876,0.4049265961753626,-0.3926236971933991
80.0,1000.0,100.0,100.0,erratum2010_approx,36241297.40951857,9.060324352379644e-08,0.5,0.8281197529580125,7503033.564412095,0.8281197529580125,7503033.564412095,3015019.035232774,0.4018400036930953,-0.3959468308571401
80.0,10000.0,0.0,100.0,erratum2010_approx,362412974.0951857,9.060324352379644e-07,0.5,0.8281197529580125,75030335.64412095,0.8281197529580125,75030335.64412095,30395409.84701138,0.4051082750206654,-0.3924288855275752
80.0,10000.0,1.0,100.0,erratum2010_approx,362412974.0951857,9.060324352379644e-07,0.5,0.8281197529580125,75030335.64412095,0.8281197529580125,75030335.64412095,30607994.44439944,0.4079415903132475,-0.3894020153919888
80.0,10000.0,10.0,100.0,erratum2010_approx,362412974.0951857,9.060324352379644e-07,0.5,0.8281197529580125,75030335.64412095,0.8281197529580125,75030335.64412095,30460695.412679534,0.40597839728664875,-0.39149707526224337
80.0,10000.0,100.0,100.0,erratum2010_approx,362412974.0951857,9.060324352379644e-07,0.5,0.8281197529580125,75030335.64412095,0.8281197529580125,75030335.64412095,30376750.17697703,0.4048595800111847,-0.39269557975011127
100.0,10.0,0.0,100.0,erratum2010_approx,362412.9740951857,9.060324352379644e-10,0.5,0.745045421061278,67503.53172070441,0.745045421061278,67503.53172070441,24205.659035072633,0.3585835943402702,-0.44540958384934215
100.0,10.0,1.0,100.0,erratum2010_approx,362412.9740951857,9.060324352379644e-10,0.5,0.745045421061278,67503.53172070441,0.745045421061278,67503.53172070441,24008.78348511087,0.3556670721236796,-0.4489563402034128
100.0,10.0,10.0,100.0,erratum2010_approx,362412.9740951857,9.060324352379644e-10,0.5,0.745045421061278,67503.53172070441,0.745045421061278,67503.53172070441,22625.317605218515,0.33517235363078,-0.4747318109270905
100.0,10.0,100.0,100.0,erratum2010_approx,362412.9740951857,9.060324352379644e-10,0.5,0.745045421061278,67503.53172070441,0.745045421061278,67503.53172070441,9513.529134753457,0.14093379845836282,-0.8509848427760877
100.0,100.0,0.0,100.0,erratum2010_approx,3624129.740951857,9.060324352379644e-09,0.5,0.745045421061278,675035.3172070442,0.745045421061278,675035.3172070442,253564.21834847383,0.37563104016186105,-0.4252385271247319
100.0,100.0,1.0,100.0,erratum2010_approx,3624129.740951857,9.060324352379644e-09,0.5,0.745045421061278,675035.3172070442,0.745045421061278,675035.3172070442,255696.48111955225,0.378789782699808,-0.42160174396902256
100.0,100.0,10.0,100.0,erratum2010_approx,3624129.740951857,9.060324352379644e-09,0.5,0.745045421061278,675035.3172070442,0.745045421061278,675035.3172070442,255168.58867792675,0.3780077607401131,-0.42249928372889195
100.0,100.0,100.0,100.0,erratum2010_approx,3624129.740951857,9.060324352379644e-09,0.5,0.745045421061278,675035.3172070442,0.745045421061278,675035.3172070442,247023.4957877891,0.3659415877821738,-0.436588231896354
100.0,1000.0,0.0,100.0,erratum2010_approx,36241297.40951857,9.060324352379644e-08,0.5,0.745045421061278,6750353.172070442,0.745045421061278,6750353.172070442,2685464.364750537,0.3978257576006,-0.40030710149900556
100.0,1000.0,1.0,100.0,erratum2010_approx,36241297.40951857,9.060324352379644e-08,0.5,0.745045421061278,6750353.172070442,0.745045421061278,6750353.172070442,2688355.4834318263,0.39825404907033396,-0.3998398000090317
100.0,1000.0,10.0,100.0,erratum2010_approx,36241297.40951857,9.060324352379644e-08,0.5,0.745045421061278,6750353.172070442,0.745045421061278,6750353.172070442,2682248.8243517876,0.39734940616878844,-0.4008274316915349
100.0,1000.0,100.0,100.0,erratum2010_approx,36241297.40951857,9.060324352379644e-08,0.5,0.745045421061278,6750353.172070442,0.745045421061278,6750353.172070442,2687715.7425284185,0.39815927759881237,-0.3999431602264959
100.0,10000.0,0.0,100.0,erratum2010_approx,362412974.0951857,9.060324352379644e-07,0.5,0.745045421061278,67503531.72070442,0.745045421061278,67503531.72070442,28032754.514449995,0.41527833877544956,-0.38166072141994706
100.0,10000.0,1.0,100.0,erratum2010_approx,362412974.0951857,9.060324352379644e-07,0.5,0.745045421061278,67503531.72070442,0.745045421061278,67503531.72070442,28104108.149841405,0.4163353743641449,-0.38055668726727365
100.0,10000.0,10.0,100.0,erratum2010_approx,362412974.0951857,9.060324352379644e-07,0.5,0.745045421061278,67503531.72070442,0.745045421061278,67503531.72070442,28152016.9226088,0.4170450968267505,-0.3798169804122122
100.0,10000.0,100.0,100.0,erratum2010_approx,362412974.0951857,9.060324352379644e-07,0.5,0.745045421061278,67503531.72070442,0.745045421061278,67503531.72070442,28038420.557592712,0.41536227576360835,-0.38157294971634637
120.0,10.0,0.0,100.0,erratum2010_approx,362412.9740951857,9.060324352379644e-10,0.5,0.6767829295788881,61318.72858138436,0.6767829295788881,61318.72858138436,21363.43669289095,0.34839986391003935,-0.45792202330596593
120.0,10.0,1.0,100.0,erratum2010_approx,362412.9740951857,9.060324352379644e-10,0.5,0.6767829295788881,61318.72858138436,0.6767829295788881,61318.72858138436,21326.340051566774,0.3477948833081513,-0.4586768115437185
120.0,10.0,10.0,100.0,erratum2010_approx,362412.9740951857,9.060324352379644e-10,0.5,0.6767829295788881,61318.72858138436,0.6767829295788881,61318.72858138436,15399.56915675548,0.25113973353698343,-0.600084570876399
120.0,10.0,100.0,100.0,erratum2010_approx,362412.9740951857,9.060324352379644e-10,0.5,0.6767829295788881,61318.72858138436,0.6767829295788881,61318.72858138436,1898.7981250274715,0.030966038744709462,-1.5091143471567838
120.0,100.0,0.0,100.0,erratum2010_approx,3624129.740951857,9.060324352379644e-09,0.5,0.6767829295788881,613187.2858138436,0.6767829295788881,613187.2858138436,218731.73834962928,0.3567127750526022,-0.44768133687554695
120.0,100.0,1.0,100.0,erratum2010_approx,3624129.740951857,9.060324352379644e-09,0.5,0.6767829295788881,613187.2858138436,0.6767829295788881,613187.2858138436,218748.38898913615,0.3567399293004023,-0.44764827808997204
120.0,100.0,10.0,100.0,erratum2010_approx,3624129.740951857,9.060324352379644e-09,0.5,0.6767829295788881,613187.2858138436,0.6767829295788881,613187.2858138436,215914.12968239983,0.3521177537068973,-0.45331207733663564
120.0,100.0,100.0,100.0,erratum2010_approx,3624129.740951857,9.060324352379644e-09,0.5,0.6767829295788881,613187.2858138436,0.6767829295788881,613187.2858138436,165685.33985636945,0.27020348218157536,-0.5683090584135497
120.0,1000.0,0.0,100.0,erratum2010_approx,36241297.40951857,9.060324352379644e-08,0.5,0.6767829295788881,6131872.858138436,0.6767829295788881,6131872.858138436,2296209.412651129,0.3744711388794566,-0.42658164848093144
120.0,1000.0,1.0,100.0,erratum2010_approx,36241297.40951857,9.060324352379644e-08,0.5,0.6767829295788881,6131872.858138436,0.6767829295788881,6131872.858138436,2264489.1897549303,0.36929813160581454,-0.43262288957441364
120.0,1000.0,10.0,100.0,erratum2010_approx,36241297.40951857,9.060324352379644e-08,0.5,0.6767829295788881,6131872.858138436,0.6767829295788881,6131872.858138436,2281448.2903003613,0.3720638609250261,-0.4293825115507747
120.0,1000.0,100.0,100.0,erratum2010_approx,36241297.40951857,9.060324352379644e-08,0.5,0.6767829295788881,6131872.858138436,0.6767829295788881,6131872.858138436,2278304.8938399837,0.37155122856406547,-0.429981298326421
120.0,10000.0,0.0,100.0,erratum2010_approx,362412974.0951857,9.060324352379644e-07,0.5,0.6767829295788881,61318728.58138436,0.6767829295788881,61318728.58138436,23480496.90302538,0.3829253711916294,-0.4168858579837528
120.0,10000.0,1.0,100.0,erratum2010_approx,362412974.0951857,9.060324352379644e-07,0.5,0.6767829295788881,61318728.58138436,0.6767829295788881,61318728.58138436,23460230.636182178,0.3825948642272473,-0.41726086403359725
120.0,10000.0,10.0,100.0,erratum2010_approx,362412974.0951857,9.060324352379644e-07,0.5,0.6767829295788881,61318728.58138436,0.6767829295788881,61318728.58138436,23582322.66063247,0.3845859691844912,-0.4150065641352538
120.0,10000.0,100.0,100.0,erratum2010_approx,362412974.0951857,9.060324352379644e-07,0.5,0.6767829295788881,61318728.58138436,0.6767829295788881,61318728.58138436,23610072.28183455,0.38503851642159276,-0.41449582469231494
150.0,10.0,0.0,100.0,erratum2010_approx,362412.9740951857,9.060324352379644e-10,0.5,0.6000547192633119,54366.90385701715,0.6000547192633119,54366.90385701715,21290.96185369172,0.3916162286836514,-0.40713931921384294
150.0,10.0,1.0,100.0,erratum2010_approx,362412.9740951857,9.060324352379644e-10,0.5,0.6000547192633119,54366.90385701715,0.6000547192633119,54366.90385701715,21093.484719099175,0.38798392445842095,-0.41118626838423056
150.0,10.0,10.0,100.0,erratum2010_approx,362412.9740951857,9.060324352379644e-10,0.5,0.6000547192633119,54366.90385701715,0.6000547192633119,54366.90385701715,15272.917977681269,0.28092307808898687,-0.5514125816421309
150.0,10.0,100.0,100.0,erratum2010_approx,362412.9740951857,9.060324352379644e-10,0.5,0.6000547192633119,54366.90385701715,0.6000547192633119,54366.90385701715,1803.975683515123,0.03318150484087726,-1.479103921829765
150.0,100.0,0.0,100.0,erratum2010_approx,3624129.740951857,9.060324352379644e-09,0.5,0.6000547192633119,543669.0385701715,0.6000547192633119,543669.0385701715,212908.83300512805,0.39161478381235404,-0.4071409215498626
150.0,100.0,1.0,100.0,erratum2010_approx,3624129.740951857,9.060324352379644e-09,0.5,0.6000547192633119,543669.0385701715,0.6000547192633119,543669.0385701715,213658.9648728684,0.3929945421111035,-0.405613481043123
150.0,100.0,10.0,100.0,erratum2010_approx,3624129.740951857,9.060324352379644e-09,0.5,0.6000547192633119,543669.0385701715,0.6000547192633119,543669.0385701715,210703.03733624303,0.3875575439984294,-0.41166380493683113
150.0,100.0,100.0,100.0,erratum2010_approx,3624129.740951857,9.060324352379644e-09,0.5,0.6000547192633119,543669.0385701715,0.6000547192633119,543669.0385701715,152728.63787684523,0.28092208134293545,-0.5514141225695652
150.0,1000.0,0.0,100.0,erratum2010_approx,36241297.40951857,9.060324352379644e-08,0.5,0.6000547192633119,5436690.385701714,0.6000547192633119,5436690.385701714,2130993.1175878635,0.39196514173260505,-0.40675255396504945
150.0,1000.0,1.0,100.0,erratum2010_approx,36241297.40951857,9.060324352379644e-08,0.5,0.6000547192633119,5436690.385701714,0.6000547192633119,5436690.385701714,2126933.640600638,0.39121846007534133,-0.40758066073590543
150.0,1000.0,10.0,100.0,erratum2010_approx,36241297.40951857,9.060324352379644e-08,0.5,0.6000547192633119,5436690.385701714,0.6000547192633119,5436690.385701714,2136051.1518074996,0.39289549344675423,-0.4057229525636876
150.0,1000.0,100.0,100.0,erratum2010_approx,36241297.40951857,9.060324352379644e-08,0.5,0.6000547192633119,5436690.385701714,0.6000547192633119,5436690.385701714,2117523.060424983,0.38948752093626426,-0.40950645243388095
150.0,10000.0,0.0,100.0,erratum2010_approx,362412974.0951857,9.060324352379644e-07,0.5,0.6000547192633119,54366903.857017145,0.6000547192633119,54366903.857017145,21286971.026249222,0.39154282322629835,-0.40722073201264963
150.0,10000.0,1.0,100.0,erratum2010_approx,362412974.0951857,9.060324352379644e-07,0.5,0.6000547192633119,54366903.857017145,0.6000547192633119,54366903.857017145,21362945.590606563,0.39294026466525084,-0.40567346666803705
150.0,10000.0,10.0,100.0,erratum2010_approx,362412974.0951857,9.060324352379644e-07,0.5,0.6000547192633119,54366903.857017145,0.6000547192633119,54366903.857017145,21291314.51866889,0.3916227154421783,-0.40713212558933065
150.0,10000.0,100.0,100.0,erratum2010_approx,362412974.0951857,9.060324352379644e-07,0.5,0.6000547192633119,54366903.857017145,0.6000547192633119,54366903.857017145,21307696.40653597,0.3919240364059426,-0.40679810075166306
180.0,10.0,0.0,100.0,erratum2010_approx,362412.9740951857,9.060324352379644e-10,0.5,0.5457394886911617,49445.767794437474,0.5457394886911617,49445.767794437474,21290.970563872503,0.4305923745058659,-0.3659336655003349
180.0,10.0,1.0,100.0,erratum2010_approx,362412.9740951857,9.060324352379644e-10,0.5,0.5457394886911617,49445.767794437474,0.5457394886911617,49445.767794437474,21093.493131623043,0.42659855580189837,-0.3699806191358352
180.0,10.0,10.0,100.0,erratum2010_approx,362412.9740951857,9.060324352379644e-10,0.5,0.5457394886911617,49445.767794437474,0.5457394886911617,49445.767794437474,15272.894263989045,0.30888172932178043,-0.5102077799128719
180.0,10.0,100.0,100.0,erratum2010_approx,362412.9740951857,9.060324352379644e-10,0.5,0.5457394886911617,49445.767794437474,0.5457394886911617,49445.767794437474,1803.9763287669964,0.03648393804433833,-1.4378982904472473
180.0,100.0,0.0,100.0,erratum2010_approx,3624129.740951857,9.060324352379644e-09,0.5,0.5457394886912419,494457.6779444474,0.5457394886912419,494457.6779444474,212909.7029537717,0.43059236907570525,-0.36593367097718255
180.0,100.0,1.0,100.0,erratum2010_approx,3624129.740951857,9.060324352379644e-09,0.5,0.5457394886912419,494457.6779444474,0.5457394886912419,494457.6779444474,213755.4153143911,0.43230275279172964,-0.3642119989829996
180.0,100.0,10.0,100.0,erratum2010_approx,3624129.740951857,9.060324352379644e-09,0.5,0.5457394886912419,494457.6779444474,0.5457394886912419,494457.6779444474,210934.92870582984,0.4265985505225151,-0.36998062451045965
180.0,100.0,100.0,100.0,erratum2010_approx,3624129.740951857,9.060324352379644e-09,0.5,0.5457394886912419,494457.6779444474,0.5457394886912419,494457.6779444474,152728.94079783076,0.3088817255963208,-0.5102077851509499
180.0,1000.0,0.0,100.0,erratum2010_approx,36241297.40951857,9.060324352379644e-08,0.5,0.54573948869125,4944576.779444546,0.54573948869125,4944576.779444546,2129096.7610507743,0.43059231477642224,-0.36593372574331906
180.0,1000.0,1.0,100.0,erratum2010_approx,36241297.40951857,9.060324352379644e-08,0.5,0.54573948869125,4944576.779444546,0.54573948869125,4944576.779444546,2136418.229687708,0.4320730216121155,-0.3644428499367889
180.0,1000.0,10.0,100.0,erratum2010_approx,36241297.40951857,9.060324352379644e-08,0.5,0.54573948869125,4944576.779444546,0.54573948869125,4944576.779444546,2136968.4814031725,0.4321843054974729,-0.3643310082986874
180.0,1000.0,100.0,100.0,erratum2010_approx,36241297.40951857,9.060324352379644e-08,0.5,0.54573948869125,4944576.779444546,0.54573948869125,4944576.779444546,2109349.0260265153,0.42659849773097686,-0.3699806782543722
180.0,10000.0,0.0,100.0,erratum2010_approx,362412974.0951857,9.060324352379644e-07,0.5,0.5457394886912508,49445767.79444554,0.5457394886912508,49445767.79444554,21290940.770171434,0.4305917719526875,-0.36593427323451466
180.0,10000.0,1.0,100.0,erratum2010_approx,362412974.0951857,9.060324352379644e-07,0.5,0.5457394886912508,49445767.79444554,0.5457394886912508,49445767.79444554,21351319.902810223,0.43181289026739944,-0.36470439746162114
180.0,10000.0,10.0,100.0,erratum2010_approx,362412974.0951857,9.060324352379644e-07,0.5,0.5457394886912508,49445767.79444554,0.5457394886912508,49445767.79444554,21363925.4940524,0.43206782798612553,-0.3644480702966633
180.0,10000.0,100.0,100.0,erratum2010_approx,362412974.0951857,9.060324352379644e-07,0.5,0.5457394886912508,49445767.79444554,0.5457394886912508,49445767.79444554,21356781.67556416,0.43192335013075195,-0.3645933170017687
200.0,10.0,0.0,100.0,erratum2010_approx,362412.9740951857,9.060324352379644e-10,0.5,0.5180820548531822,46939.91458117172,0.5180820548531822,46939.91458117172,21290.970591902475,0.4535792359631305,-0.34334683487581663
200.0,10.0,1.0,100.0,erratum2010_approx,362412.9740951857,9.060324352379644e-10,0.5,0.5180820548531822,46939.91458117172,0.5180820548531822,46939.91458117172,21093.493158869307,0.4493722101345752,-0.34739378852209996
200.0,10.0,10.0,100.0,erratum2010_approx,362412.9740951857,9.060324352379644e-10,0.5,0.5180820548531822,46939.91458117172,0.5180820548531822,46939.91458117172,15272.894283220918,0.32537115628555274,-0.4876209493132401
200.0,10.0,100.0,100.0,erratum2010_approx,362412.9740951857,9.060324352379644e-10,0.5,0.5180820548531822,46939.91458117172,0.5180820548531822,46939.91458117172,1803.9763308368888,0.038431606596073566,-1.415311459896174
200.0,100.0,0.0,100.0,erratum2010_approx,3624129.740951857,9.060324352379644e-09,0.5,0.5180820551703736,469399.146099103,0.5180820551703736,469399.146099103,212909.7057567577,0.4535792353397393,-0.34334683547270317
200.0,100.0,1.0,100.0,erratum2010_approx,3624129.740951857,9.060324352379644e-09,0.5,0.5180820551703736,469399.146099103,0.5180820551703736,469399.146099103,213755.41796974943,0.4553809263313398,-0.34162516380108193
200.0,100.0,10.0,100.0,erratum2010_approx,3624129.740951857,9.060324352379644e-09,0.5,0.5180820551703736,469399.146099103,0.5180820551703736,469399.146099103,210934.93143044336,0.4493722095223182,-0.34739378911381397
200.0,100.0,100.0,100.0,erratum2010_approx,3624129.740951857,9.060324352379644e-09,0.5,0.5180820551703736,469399.146099103,0.5180820551703736,469399.146099103,152728.94272100728,0.3253711558494442,-0.4876209498953431
200.0,1000.0,0.0,100.0,erratum2010_approx,36241297.40951857,9.060324352379644e-08,0.5,0.5180820552020927,4693991.461278415,0.5180820552020927,4693991.461278415,2129097.041340948,0.45357923185507576,-0.3433468388092099
200.0,1000.0,1.0,100.0,erratum2010_approx,36241297.40951857,9.060324352379644e-08,0.5,0.5180820552020927,4693991.461278415,0.5180820552020927,4693991.461278415,2136418.516024888,0.45513898643587036,-0.3418559619693684
200.0,1000.0,10.0,100.0,erratum2010_approx,36241297.40951857,9.060324352379644e-08,0.5,0.5180820552020927,4693991.461278415,0.5180820552020927,4693991.461278415,2137554.1642514113,0.45538092301285216,-0.3416251669659068
200.0,1000.0,100.0,100.0,erratum2010_approx,36241297.40951857,9.060324352379644e-08,0.5,0.5180820552020927,4693991.461278415,0.5180820552020927,4693991.461278415,2109349.2984794425,0.44937220612347645,-0.34739379239861484
200.0,10000.0,0.0,100.0,erratum2010_approx,362412974.0951857,9.060324352379644e-07,0.5,0.5180820552052646,46939914.61307153,0.5180820552052646,46939914.61307153,21290968.79077108,0.4535791972838848,-0.34334687191054475
200.0,10000.0,1.0,100.0,erratum2010_approx,362412974.0951857,9.060324352379644e-07,0.5,0.5180820552052646,46939914.61307153,0.5180820552052646,46939914.61307153,21339390.61623295,0.4546107676619099,-0.34236028202774516
200.0,10000.0,10.0,100.0,erratum2010_approx,362412974.0951857,9.060324352379644e-07,0.5,0.5180820552052646,46939914.61307153,0.5180820552052646,46939914.61307153,21364183.496780824,0.45513895099484186,-0.34185599578726616
200.0,10000.0,100.0,100.0,erratum2010_approx,362412974.0951857,9.060324352379644e-07,0.5,0.5180820552052646,46939914.61307153,0.5180820552052646,46939914.61307153,21369685.938344263,0.45525617407905056,-0.3417441556916797
220.0,10.0,0.0,100.0,erratum2010_approx,362412.9740951857,9.060324352379644e-10,0.5,0.49536249635325347,44881.44888964954,0.49536249635325347,44881.44888964954,21290.970593520095,0.47438242570707584,-0.32387140851355867
220.0,10.0,1.0,100.0,erratum2010_approx,362412.9740951857,9.060324352379644e-10,0.5,0.49536249635325347,44881.44888964954,0.49536249635325347,44881.44888964954,21093.493160446465,0.46998244669661277,-0.3279183621603661
220.0,10.0,10.0,100.0,erratum2010_approx,362412.9740951857,9.060324352379644e-10,0.5,0.49536249635325347,44881.44888964954,0.49536249635325347,44881.44888964954,15272.894284329604,0.3402941451796982,-0.4681455229524522
220.0,10.0,100.0,100.0,erratum2010_approx,362412.9740951857,9.060324352379644e-10,0.5,0.49536249635325347,44881.44888964954,0.49536249635325347,44881.44888964954,1803.9763309560628,0.04019425342955209,-1.395836033538222
220.0,100.0,0.0,100.0,erratum2010_approx,3624129.740951857,9.060324352379644e-09,0.5,0.49536277365006776,448814.74013640336,0.49536277365006776,448814.74013640336,212909.70591851493,0.47438216011757456,-0.32387165165934334
220.0,100.0,1.0,100.0,erratum2010_approx,3624129.740951857,9.060324352379644e-09,0.5,0.49536277365006776,448814.74013640336,0.49536277365006776,448814.74013640336,213755.41812364903,0.4762664837137138,-0.32214998000499206
220.0,100.0,10.0,100.0,erratum2010_approx,3624129.740951857,9.060324352379644e-09,0.5,0.49536277365006776,448814.74013640336,0.49536277365006776,448814.74013640336,210934.93158815417,0.469982183570992,-0.3279186053056962
220.0,100.0,100.0,100.0,erratum2010_approx,3624129.740951857,9.060324352379644e-09,0.5,0.49536277365006776,448814.74013640336,0.49536277365006776,448814.74013640336,152728.94283187288,0.34029395466257556,-0.4681457660966832
220.0,1000.0,0.0,100.0,erratum2010_approx,36241297.40951857,9.060324352379644e-08,0.5,0.49536280137976624,4488147.652604096,0.49536280137976624,4488147.652604096,2129097.057516608,0.4743821331905762,-0.3238716763108756
220.0,1000.0,1.0,100.0,erratum2010_approx,36241297.40951857,9.060324352379644e-08,0.5,0.49536280137976624,4488147.652604096,0.49536280137976624,4488147.652604096,2136418.532602963,0.4760134242382553,-0.32238079940053793
220.0,1000.0,10.0,100.0,erratum2010_approx,36241297.40951857,9.060324352379644e-08,0.5,0.49536280137976624,4488147.652604096,0.49536280137976624,4488147.652604096,2137554.179641319,0.47626645669758116,-0.32215000464027094
220.0,1000.0,100.0,100.0,erratum2010_approx,36241297.40951857,9.060324352379644e-08,0.5,0.49536280137976624,4488147.652604096,0.49536280137976624,4488147.652604096,2109349.314250472,0.4699821568986469,-0.3279186299526999
220.0,10000.0,0.0,100.0,erratum2010_approx,362412974.0951857,9.060324352379644e-07,0.5,0.4953628041527363,44881476.777281046,0.4953628041527363,44881476.777281046,21290970.40831285,0.4743821268174116,-0.3238716821454761
220.0,10000.0,1.0,100.0,erratum2010_approx,362412974.0951857,9.060324352379644e-07,0.5,0.4953628041527363,44881476.777281046,0.4953628041527363,44881476.777281046,21339392.27723211,0.47546100996467405,-0.3228850914531109
220.0,10000.0,10.0,100.0,erratum2010_approx,362412974.0951857,9.060324352379644e-07,0.5,0.4953628041527363,44881476.777281046,0.4953628041527363,44881476.777281046,21364185.154564258,0.4760134177531962,-0.3223808053172312
220.0,10000.0,100.0,100.0,erratum2010_approx,362412974.0951857,9.060324352379644e-07,0.5,0.4953628041527363,44881476.777281046,0.4953628041527363,44881476.777281046,21375541.63689672,0.476266450477338,-0.32215001031234225
250.0,10.0,0.0,100.0,erratum2010_approx,362412.9740951857,9.060324352379644e-10,0.5,0.4670944675008309,42320.2737875958,0.4670944675008309,42320.2737875958,21290.970593693117,0.5030915135509725,-0.2983530085519482
250.0,10.0,1.0,100.0,erratum2010_approx,362412.9740951857,9.060324352379644e-10,0.5,0.4670944675008309,42320.2737875958,0.4670944675008309,42320.2737875958,21093.49316061556,0.49842525278742705,-0.3023999621988035
250.0,10.0,10.0,100.0,erratum2010_approx,362412.9740951857,9.060324352379644e-10,0.5,0.4670944675008309,42320.2737875958,0.4670944675008309,42320.2737875958,15272.894284448068,0.3608883619492226,-0.44262712299100243
250.0,10.0,100.0,100.0,erratum2010_approx,362412.9740951857,9.060324352379644e-10,0.5,0.4670944675008309,42320.2737875958,0.4670944675008309,42320.2737875958,1803.97633096878,0.042626764184534434,-1.3703176335770793
250.0,100.0,0.0,100.0,erratum2010_approx,3624129.740951857,9.060324352379644e-09,0.5,0.46802911624654125,424049.559955126,0.46802911624654125,424049.559955126,212909.7059358085,0.5020868455996963,-0.2992211567541159
250.0,100.0,1.0,100.0,erratum2010_approx,3624129.740951857,9.060324352379644e-09,0.5,0.46802911624654125,424049.559955126,0.46802911624654125,424049.559955126,213755.4181401751,0.5040812167398434,-0.2974994851014637
250.0,100.0,10.0,100.0,erratum2010_approx,3624129.740951857,9.060324352379644e-09,0.5,0.46802911624654125,424049.559955126,0.46802911624654125,424049.559955126,210934.9316050563,0.4974299033051183,-0.30326811040094453
250.0,100.0,100.0,100.0,erratum2010_approx,3624129.740951857,9.060324352379644e-09,0.5,0.46802911624654125,424049.559955126,0.46802911624654125,424049.559955126,152728.94284371362,0.36016767205200206,-0.4434952711930614
250.0,1000.0,0.0,100.0,erratum2010_approx,36241297.40951857,9.060324352379644e-08,0.5,0.4681227868862178,4241344.285929024,0.4681227868862178,4241344.285929024,2129097.0592458975,0.501986378778383,-0.29930806712120267
250.0,1000.0,1.0,100.0,erratum2010_approx,36241297.40951857,9.060324352379644e-08,0.5,0.4681227868862178,4241344.285929024,0.4681227868862178,4241344.285929024,2136418.534379742,0.5037125944874293,-0.2978171902024201
250.0,1000.0,10.0,100.0,erratum2010_approx,36241297.40951857,9.060324352379644e-08,0.5,0.4681227868862178,4241344.285929024,0.4681227868862178,4241344.285929024,2137554.181293858,0.5039803508489875,-0.2975863954675873
250.0,1000.0,100.0,100.0,erratum2010_approx,36241297.40951857,9.060324352379644e-08,0.5,0.4681227868862178,4241344.285929024,0.4681227868862178,4241344.285929024,2109349.315940616,0.49733036833122457,-0.30335502076778414
250.0,10000.0,0.0,100.0,erratum2010_approx,362412974.0951857,9.060324352379644e-07,0.5,0.4681321560124077,42414291.732512034,0.4681321560124077,42414291.732512034,21290970.58124142,0.5019763318344215,-0.2993167593410959
250.0,10000.0,1.0,100.0,erratum2010_approx,362412974.0951857,9.060324352379644e-07,0.5,0.4681321560124077,42414291.732512034,0.4681321560124077,42414291.732512034,21339392.454440773,0.5031179723339193,-0.29833016856962735
250.0,10000.0,10.0,100.0,erratum2010_approx,362412974.0951857,9.060324352379644e-07,0.5,0.4681321560124077,42414291.732512034,0.4681321560124077,42414291.732512034,21364185.33224172,0.5037025129872752,-0.297825882428403
250.0,10000.0,100.0,100.0,erratum2010_approx,362412974.0951857,9.060324352379644e-07,0.5,0.4681321560124077,42414291.732512034,0.4681321560124077,42414291.732512034,21375541.80215006,0.5039702640080858,-0.2975950876778584
