E_chem_mean_eV,E_h2_bind_eV,E_phys_mean_meV,beam_dissociation_fraction,chemisorption_fraction,enable_LH,enable_diffusion,enable_grain_cache,enable_h2_blocking,epsilon_ci95,epsilon_mean,epsilon_std,er_blocking_strength,er_cross_section_cm2,er_reaction_probability,gas_temperature_k,grain_cache_dir,grain_radius_um,h2_beam_stick_probability,h2_desorption_prefactor_s,h2_formed_ER_ci95,h2_formed_ER_mean,h2_formed_ER_std,h2_formed_LH_ci95,h2_formed_LH_mean,h2_formed_LH_std,h2_formed_UV_ci95,h2_formed_UV_mean,h2_formed_UV_std,h2_on_surface_ci95,h2_on_surface_mean,h2_on_surface_std,h2_stick_prob_lowT,h2_stick_transition_K,h_gas_density_cm3,heterogeneity_E_bind_sigma_meV,heterogeneity_E_chem_sigma_eV,impinging_h2_molecules_ci95,impinging_h2_molecules_mean,impinging_h2_molecules_std,impinging_h_atoms_ci95,impinging_h_atoms_mean,impinging_h_atoms_std,initial_h_count,initial_h_coverage,porosity_fraction,rng_seed,site_area_angstroms_sq,sticking_blocking_strength,sticking_probability,sticking_temp_model,surface_defect_fraction,surface_temperature_k,total_h2_desorbed_ER_ci95,total_h2_desorbed_ER_mean,total_h2_desorbed_ER_std,total_h2_desorbed_LH_ci95,total_h2_desorbed_LH_mean,total_h2_desorbed_LH_std,total_h2_desorbed_UV_ci95,total_h2_desorbed_UV_mean,total_h2_desorbed_UV_std,total_h2_desorbed_beam_ci95,total_h2_desorbed_beam_mean,total_h2_desorbed_beam_std,total_h2_desorbed_ci95,total_h2_desorbed_mean,total_h2_desorbed_std,total_h2_formed_ci95,total_h2_formed_mean,total_h2_formed_std,total_h2_released_beam_ci95,total_h2_released_beam_mean,total_h2_released_beam_std,total_h2_released_formed_ci95,total_h2_released_formed_mean,total_h2_released_formed_std,use_3d_lattice,uv_defect_creation_rate,uv_flux_factor,uv_mode,uv_pulse_duration,uv_pulse_enabled,uv_stimulated_diffusion_factor
1.75,0.051,45.0,1.0,0.4,True,True,True,True,0.0,0.0,0.0,1.0,1.1e-15,0.9,100.0,grain_cache,0.005,1.0,1000000000000.0,0.09799999999999998,0.05,0.22360679774997894,1.752500529318938,20.1,3.9986839940423557,0.0,0.0,0.0,0.9204204988682303,8.1,2.100125309544522,0.45,20.0,10.0,5.0,0.25,0.0,0.0,0.0,0.0,0.0,0.0,0,0.0,0.2,1000,25,1.0,0.5,constant,0.15,10.0,0.09799999999999998,0.05,0.22360679774997894,1.3712629599253228,12.0,3.1288134626740733,0.0,0.0,0.0,0.0,0.0,0.0,1.3820944441794052,12.05,3.1535276821529985,1.7372919640696702,20.15,3.963982580024393,0.0,0.0,0.0,0.0,0.0,0.0,True,0.5,1.0,continuous,1e-06,False,2.0
1.75,0.051,45.0,1.0,0.4,True,True,True,True,0.0,0.0,0.0,1.0,1.1e-15,0.9,100.0,grain_cache,0.005,1.0,1000000000000.0,0.0,0.0,0.0,0.0,0.0,0.0,0.0,0.0,0.0,0.0,0.0,0.0,0.45,20.0,100.0,5.0,0.25,0.0,0.0,0.0,0.0,0.0,0.0,0,0.0,0.2,1000,25,1.0,0.5,constant,0.15,20.0,0.0,0.0,0.0,0.0,0.0,0.0,0.0,0.0,0.0,0.0,0.0,0.0,0.0,0.0,0.0,0.0,0.0,0.0,0.0,0.0,0.0,0.0,0.0,0.0,True,0.5,10.0,continuous,1e-06,False,2.0
1.75,0.051,45.0,1.0,0.4,True,True,True,True,0.0,0.0,0.0,1.0,1.1e-15,0.9,100.0,grain_cache,0.005,1.0,1000000000000.0,0.0,0.0,0.0,0.0,0.0,0.0,0.0,0.0,0.0,0.0,0.0,0.0,0.45,20.0,1000.0,5.0,0.25,0.0,0.0,0.0,0.0,0.0,0.0,0,0.0,0.2,1000,25,1.0,0.5,constant,0.15,30.0,0.0,0.0,0.0,0.0,0.0,0.0,0.0,0.0,0.0,0.0,0.0,0.0,0.0,0.0,0.0,0.0,0.0,0.0,0.0,0.0,0.0,0.0,0.0,0.0,True,0.5,100.0,continuous,1e-06,False,2.0
1.75,0.051,45.0,1.0,0.4,True,True,True,True,0.0,0.0,0.0,1.0,1.1e-15,0.9,100.0,grain_cache,0.005,1.0,1000000000000.0,0.0,0.0,0.0,0.0,0.0,0.0,0.0,0.0,0.0,0.0,0.0,0.0,0.45,20.0,10.0,5.0,0.25,0.0,0.0,0.0,0.0,0.0,0.0,0,0.0,0.2,1000,25,1.0,0.5,constant,0.15,50.0,0.0,0.0,0.0,0.0,0.0,0.0,0.0,0.0,0.0,0.0,0.0,0.0,0.0,0.0,0.0,0.0,0.0,0.0,0.0,0.0,0.0,0.0,0.0,0.0,True,0.5,1.0,continuous,1e-06,False,2.0
1.75,0.051,45.0,1.0,0.4,True,True,True,True,0.0,0.0,0.0,1.0,1.1e-15,0.9,100.0,grain_cache,0.005,1.0,1000000000000.0,0.0,0.0,0.0,0.0,0.0,0.0,0.0,0.0,0.0,0.0,0.0,0.0,0.45,20.0,100.0,5.0,0.25,0.0,0.0,0.0,0.0,0.0,0.0,0,0.0,0.2,1000,25,1.0,0.5,constant,0.15,60.0,0.0,0.0,0.0,0.0,0.0,0.0,0.0,0.0,0.0,0.0,0.0,0.0,0.0,0.0,0.0,0.0,0.0,0.0,0.0,0.0,0.0,0.0,0.0,0.0,True,0.5,10.0,continuous,1e-06,False,2.0
1.75,0.051,45.0,1.0,0.4,True,True,True,True,0.0,0.0,0.0,1.0,1.1e-15,0.9,100.0,grain_cache,0.005,1.0,1000000000000.0,0.0,0.0,0.0,0.0,0.0,0.0,0.0,0.0,0.0,0.0,0.0,0.0,0.45,20.0,1000.0,5.0,0.25,0.0,0.0,0.0,0.0,0.0,0.0,0,0.0,0.2,1000,25,1.0,0.5,constant,0.15,70.0,0.0,0.0,0.0,0.0,0.0,0.0,0.0,0.0,0.0,0.0,0.0,0.0,0.0,0.0,0.0,0.0,0.0,0.0,0.0,0.0,0.0,0.0,0.0,0.0,True,0.5,100.0,continuous,1e-06,False,2.0
1.75,0.051,45.0,1.0,0.4,True,True,True,True,0.0,0.0,0.0,1.0,1.1e-15,0.9,100.0,grain_cache,0.005,1.0,1000000000000.0,0.0,0.0,0.0,0.0,0.0,0.0,0.0,0.0,0.0,0.0,0.0,0.0,0.45,20.0,10.0,5.0,0.25,0.0,0.0,0.0,0.0,0.0,0.0,0,0.0,0.2,1000,25,1.0,0.5,constant,0.15,100.0,0.0,0.0,0.0,0.0,0.0,0.0,0.0,0.0,0.0,0.0,0.0,0.0,0.0,0.0,0.0,0.0,0.0,0.0,0.0,0.0,0.0,0.0,0.0,0.0,True,0.5,1.0,continuous,1e-06,False,2.0
1.75,0.051,45.0,1.0,0.4,True,True,True,True,0.0,0.0,0.0,1.0,1.1e-15,0.9,100.0,grain_cache,0.005,1.0,1000000000000.0,0.0,0.0,0.0,0.0,0.0,0.0,0.0,0.0,0.0,0.0,0.0,0.0,0.45,20.0,100.0,5.0,0.25,0.0,0.0,0.0,0.0,0.0,0.0,0,0.0,0.2,1000,25,1.0,0.5,constant,0.15,120.0,0.0,0.0,0.0,0.0,0.0,0.0,0.0,0.0,0.0,0.0,0.0,0.0,0.0,0.0,0.0,0.0,0.0,0.0,0.0,0.0,0.0,0.0,0.0,0.0,True,0.5,10.0,continuous,1e-06,False,2.0
1.75,0.051,45.0,1.0,0.4,True,True,True,True,0.0,0.0,0.0,1.0,1.1e-15,0.9,100.0,grain_cache,0.005,1.0,1000000000000.0,0.0,0.0,0.0,0.0,0.0,0.0,0.0,0.0,0.0,0.0,0.0,0.0,0.45,20.0,1000.0,5.0,0.25,0.0,0.0,0.0,0.0,0.0,0.0,0,0.0,0.2,1000,25,1.0,0.5,constant,0.15,150.0,0.0,0.0,0.0,0.0,0.0,0.0,0.0,0.0,0.0,0.0,0.0,0.0,0.0,0.0,0.0,0.0,0.0,0.0,0.0,0.0,0.0,0.0,0.0,0.0,True,0.5,100.0,continuous,1e-06,False,2.0
1.75,0.051,45.0,1.0,0.4,True,True,True,True,0.0,0.0,0.0,1.0,1.1e-15,0.9,100.0,grain_cache,0.005,1.0,1000000000000.0,0.0,0.0,0.0,0.0,0.0,0.0,0.0,0.0,0.0,0.0,0.0,0.0,0.45,20.0,10.0,5.0,0.25,0.0,0.0,0.0,0.0,0.0,0.0,0,0.0,0.2,1000,25,1.0,0.5,constant,0.15,200.0,0.0,0.0,0.0,0.0,0.0,0.0,0.0,0.0,0.0,0.0,0.0,0.0,0.0,0.0,0.0,0.0,0.0,0.0,0.0,0.0,0.0,0.0,0.0,0.0,True,0.5,1.0,continuous,1e-06,False,2.0
1.75,0.051,45.0,1.0,0.4,True,True,True,True,0.0,0.0,0.0,1.0,1.1e-15,0.9,100.0,grain_cache,0.005,1.0,1000000000000.0,0.0,0.0,0.0,0.0,0.0,0.0,0.0,0.0,0.0,0.0,0.0,0.0,0.45,20.0,100.0,5.0,0.25,0.0,0.0,0.0,0.0,0.0,0.0,0,0.0,0.2,1000,25,1.0,0.5,constant,0.15,220.0,0.0,0.0,0.0,0.0,0.0,0.0,0.0,0.0,0.0,0.0,0.0,0.0,0.0,0.0,0.0,0.0,0.0,0.0,0.0,0.0,0.0,0.0,0.0,0.0,True,0.5,10.0,continuous,1e-06,False,2.0
1.75,0.051,45.0,1.0,0.4,True,True,True,True,0.0,0.0,0.0,1.0,1.1e-15,0.9,100.0,grain_cache,0.005,1.0,1000000000000.0,0.0,0.0,0.0,0.0,0.0,0.0,0.0,0.0,0.0,0.0,0.0,0.0,0.45,20.0,1000.0,5.0,0.25,0.0,0.0,0.0,0.0,0.0,0.0,0,0.0,0.2,1000,25,1.0,0.5,constant,0.15,250.0,0.0,0.0,0.0,0.0,0.0,0.0,0.0,0.0,0.0,0.0,0.0,0.0,0.0,0.0,0.0,0.0,0.0,0.0,0.0,0.0,0.0,0.0,0.0,0.0,True,0.5,100.0,continuous,1e-06,False,2.0
1.75,0.051,45.0,1.0,0.4,True,True,True,True,0.0,0.0,0.0,1.0,1.1e-15,0.9,100.0,grain_cache,0.005,1.0,1000000000000.0,0.0,0.0,0.0,1.6150059475204157,20.0,3.684962329308273,0.0,0.0,0.0,0.8348941313282277,7.95,1.9049796241485244,0.45,20.0,10.0,5.0,0.25,0.0,0.0,0.0,0.0,0.0,0.0,0,0.0,0.2,1000,25,1.0,0.5,constant,0.15,10.0,0.0,0.0,0.0,1.521369120233482,12.05,3.471310991541956,0.0,0.0,0.0,0.0,0.0,0.0,1.521369120233482,12.05,3.471310991541956,1.6150059475204157,20.0,3.684962329308273,0.0,0.0,0.0,0.0,0.0,0.0,True,0.5,10.0,continuous,1e-06,False,2.0
1.75,0.051,45.0,1.0,0.4,True,True,True,True,0.0,0.0,0.0,1.0,1.1e-15,0.9,100.0,grain_cache,0.005,1.0,1000000000000.0,0.0,0.0,0.0,0.0,0.0,0.0,0.0,0.0,0.0,0.0,0.0,0.0,0.45,20.0,100.0,5.0,0.25,0.0,0.0,0.0,0.0,0.0,0.0,0,0.0,0.2,1000,25,1.0,0.5,constant,0.15,20.0,0.0,0.0,0.0,0.0,0.0,0.0,0.0,0.0,0.0,0.0,0.0,0.0,0.0,0.0,0.0,0.0,0.0,0.0,0.0,0.0,0.0,0.0,0.0,0.0,True,0.5,100.0,continuous,1e-06,False,2.0
1.75,0.051,45.0,1.0,0.4,True,True,True,True,0.0,0.0,0.0,1.0,1.1e-15,0.9,100.0,grain_cache,0.005,1.0,1000000000000.0,0.0,0.0,0.0,0.0,0.0,0.0,0.0,0.0,0.0,0.0,0.0,0.0,0.45,20.0,10000.0,5.0,0.25,0.0,0.0,0.0,0.0,0.0,0.0,0,0.0,0.2,1000,25,1.0,0.5,constant,0.15,30.0,0.0,0.0,0.0,0.0,0.0,0.0,0.0,0.0,0.0,0.0,0.0,0.0,0.0,0.0,0.0,0.0,0.0,0.0,0.0,0.0,0.0,0.0,0.0,0.0,True,0.5,1.0,continuous,1e-06,False,2.0
1.75,0.051,45.0,1.0,0.4,True,True,True,True,0.0,0.0,0.0,1.0,1.1e-15,0.9,100.0,grain_cache,0.005,1.0,1000000000000.0,0.0,0.0,0.0,0.0,0.0,0.0,0.0,0.0,0.0,0.0,0.0,0.0,0.45,20.0,10.0,5.0,0.25,0.0,0.0,0.0,0.0,0.0,0.0,0,0.0,0.2,1000,25,1.0,0.5,constant,0.15,50.0,0.0,0.0,0.0,0.0,0.0,0.0,0.0,0.0,0.0,0.0,0.0,0.0,0.0,0.0,0.0,0.0,0.0,0.0,0.0,0.0,0.0,0.0,0.0,0.0,True,0.5,10.0,continuous,1e-06,False,2.0
1.75,0.051,45.0,1.0,0.4,True,True,True,True,0.0,0.0,0.0,1.0,1.1e-15,0.9,100.0,grain_cache,0.005,1.0,1000000000000.0,0.0,0.0,0.0,0.0,0.0,0.0,0.0,0.0,0.0,0.0,0.0,0.0,0.45,20.0,100.0,5.0,0.25,0.0,0.0,0.0,0.0,0.0,0.0,0,0.0,0.2,1000,25,1.0,0.5,constant,0.15,60.0,0.0,0.0,0.0,0.0,0.0,0.0,0.0,0.0,0.0,0.0,0.0,0.0,0.0,0.0,0.0,0.0,0.0,0.0,0.0,0.0,0.0,0.0,0.0,0.0,True,0.5,100.0,continuous,1e-06,False,2.0
1.75,0.051,45.0,1.0,0.4,True,True,True,True,0.0,0.0,0.0,1.0,1.1e-15,0.9,100.0,grain_cache,0.005,1.0,1000000000000.0,0.0,0.0,0.0,0.0,0.0,0.0,0.0,0.0,0.0,0.0,0.0,0.0,0.45,20.0,10000.0,5.0,0.25,0.0,0.0,0.0,0.0,0.0,0.0,0,0.0,0.2,1000,25,1.0,0.5,constant,0.15,70.0,0.0,0.0,0.0,0.0,0.0,0.0,0.0,0.0,0.0,0.0,0.0,0.0,0.0,0.0,0.0,0.0,0.0,0.0,0.0,0.0,0.0,0.0,0.0,0.0,True,0.5,1.0,continuous,1e-06,False,2.0
1.75,0.051,45.0,1.0,0.4,True,True,True,True,0.0,0.0,0.0,1.0,1.1e-15,0.9,100.0,grain_cache,0.005,1.0,1000000000000.0,0.0,0.0,0.0,0.0,0.0,0.0,0.0,0.0,0.0,0.0,0.0,0.0,0.45,20.0,10.0,5.0,0.25,0.0,0.0,0.0,0.0,0.0,0.0,0,0.0,0.2,1000,25,1.0,0.5,constant,0.15,100.0,0.0,0.0,0.0,0.0,0.0,0.0,0.0,0.0,0.0,0.0,0.0,0.0,0.0,0.0,0.0,0.0,0.0,0.0,0.0,0.0,0.0,0.0,0.0,0.0,True,0.5,10.0,continuous,1e-06,False,2.0
1.75,0.051,45.0,1.0,0.4,True,True,True,True,0.0,0.0,0.0,1.0,1.1e-15,0.9,100.0,grain_cache,0.005,1.0,1000000000000.0,0.0,0.0,0.0,0.0,0.0,0.0,0.0,0.0,0.0,0.0,0.0,0.0,0.45,20.0,100.0,5.0,0.25,0.0,0.0,0.0,0.0,0.0,0.0,0,0.0,0.2,1000,25,1.0,0.5,constant,0.15,120.0,0.0,0.0,0.0,0.0,0.0,0.0,0.0,0.0,0.0,0.0,0.0,0.0,0.0,0.0,0.0,0.0,0.0,0.0,0.0,0.0,0.0,0.0,0.0,0.0,True,0.5,100.0,continuous,1e-06,False,2.0
1.75,0.051,45.0,1.0,0.4,True,True,True,True,0.0,0.0,0.0,1.0,1.1e-15,0.9,100.0,grain_cache,0.005,1.0,1000000000000.0,0.0,0.0,0.0,0.0,0.0,0.0,0.0,0.0,0.0,0.0,0.0,0.0,0.45,20.0,10000.0,5.0,0.25,0.0,0.0,0.0,0.0,0.0,0.0,0,0.0,0.2,1000,25,1.0,0.5,constant,0.15,150.0,0.0,0.0,0.0,0.0,0.0,0.0,0.0,0.0,0.0,0.0,0.0,0.0,0.0,0.0,0.0,0.0,0.0,0.0,0.0,0.0,0.0,0.0,0.0,0.0,True,0.5,1.0,continuous,1e-06,False,2.0
1.75,0.051,45.0,1.0,0.4,True,True,True,True,0.0,0.0,0.0,1.0,1.1e-15,0.9,100.0,grain_cache,0.005,1.0,1000000000000.0,0.0,0.0,0.0,0.0,0.0,0.0,0.0,0.0,0.0,0.0,0.0,0.0,0.45,20.0,10.0,5.0,0.25,0.0,0.0,0.0,0.0,0.0,0.0,0,0.0,0.2,1000,25,1.0,0.5,constant,0.15,200.0,0.0,0.0,0.0,0.0,0.0,0.0,0.0,0.0,0.0,0.0,0.0,0.0,0.0,0.0,0.0,0.0,0.0,0.0,0.0,0.0,0.0,0.0,0.0,0.0,True,0.5,10.0,continuous,1e-06,False,2.0
1.75,0.051,45.0,1.0,0.4,True,True,True,True,0.0,0.0,0.0,1.0,1.1e-15,0.9,100.0,grain_cache,0.005,1.0,1000000000000.0,0.0,0.0,0.0,0.0,0.0,0.0,0.0,0.0,0.0,0.0,0.0,0.0,0.45,20.0,100.0,5.0,0.25,0.0,0.0,0.0,0.0,0.0,0.0,0,0.0,0.2,1000,25,1.0,0.5,constant,0.15,220.0,0.0,0.0,0.0,0.0,0.0,0.0,0.0,0.0,0.0,0.0,0.0,0.0,0.0,0.0,0.0,0.0,0.0,0.0,0.0,0.0,0.0,0.0,0.0,0.0,True,0.5,100.0,continuous,1e-06,False,2.0
1.75,0.051,45.0,1.0,0.4,True,True,True,True,0.0,0.0,0.0,1.0,1.1e-15,0.9,100.0,grain_cache,0.005,1.0,1000000000000.0,0.0,0.0,0.0,0.0,0.0,0.0,0.0,0.0,0.0,0.0,0.0,0.0,0.45,20.0,10000.0,5.0,0.25,0.0,0.0,0.0,0.0,0.0,0.0,0,0.0,0.2,1000,25,1.0,0.5,constant,0.15,250.0,0.0,0.0,0.0,0.0,0.0,0.0,0.0,0.0,0.0,0.0,0.0,0.0,0.0,0.0,0.0,0.0,0.0,0.0,0.0,0.0,0.0,0.0,0.0,0.0,True,0.5,1.0,continuous,1e-06,False,2.0
1.75,0.051,45.0,1.0,0.4,True,True,True,True,0.0,0.0,0.0,1.0,1.1e-15,0.9,100.0,grain_cache,0.005,1.0,1000000000000.0,0.09799999999999998,0.05,0.22360679774997894,1.712234612551987,20.0,3.9068091705043444,0.0,0.0,0.0,0.7250466409679777,8.0,1.6543403837370223,0.45,20.0,10.0,5.0,0.25,0.0,0.0,0.0,0.0,0.0,0.0,0,0.0,0.2,1000,25,1.0,0.5,constant,0.15,10.0,0.0,0.0,0.0,1.667213180572204,12.05,3.804083678309265,0.0,0.0,0.0,0.0,0.0,0.0,1.667213180572204,12.05,3.804083678309265,1.7150368417095454,20.05,3.913203022427643,0.0,0.0,0.0,0.0,0.0,0.0,True,0.5,100.0,continuous,1e-06,False,2.0
1.75,0.051,45.0,1.0,0.4,True,True,True,True,0.0,0.0,0.0,1.0,1.1e-15,0.9,100.0,grain_cache,0.005,1.0,1000000000000.0,0.0,0.0,0.0,0.0,0.0,0.0,0.0,0.0,0.0,0.0,0.0,0.0,0.45,20.0,1000.0,5.0,0.25,0.0,0.0,0.0,0.0,0.0,0.0,0,0.0,0.2,1000,25,1.0,0.5,constant,0.15,20.0,0.0,0.0,0.0,0.0,0.0,0.0,0.0,0.0,0.0,0.0,0.0,0.0,0.0,0.0,0.0,0.0,0.0,0.0,0.0,0.0,0.0,0.0,0.0,0.0,True,0.5,1.0,continuous,1e-06,False,2.0
1.75,0.051,45.0,1.0,0.4,True,True,True,True,0.0,0.0,0.0,1.0,1.1e-15,0.9,100.0,grain_cache,0.005,1.0,1000000000000.0,0.0,0.0,0.0,0.0,0.0,0.0,0.0,0.0,0.0,0.0,0.0,0.0,0.45,20.0,10000.0,5.0,0.25,0.0,0.0,0.0,0.0,0.0,0.0,0,0.0,0.2,1000,25,1.0,0.5,constant,0.15,30.0,0.0,0.0,0.0,0.0,0.0,0.0,0.0,0.0,0.0,0.0,0.0,0.0,0.0,0.0,0.0,0.0,0.0,0.0,0.0,0.0,0.0,0.0,0.0,0.0,True,0.5,10.0,continuous,1e-06,False,2.0
1.75,0.051,45.0,1.0,0.4,True,True,True,True,0.0,0.0,0.0,1.0,1.1e-15,0.9,100.0,grain_cache,0.005,1.0,1000000000000.0,0.0,0.0,0.0,0.0,0.0,0.0,0.0,0.0,0.0,0.0,0.0,0.0,0.45,20.0,10.0,5.0,0.25,0.0,0.0,0.0,0.0,0.0,0.0,0,0.0,0.2,1000,25,1.0,0.5,constant,0.15,50.0,0.0,0.0,0.0,0.0,0.0,0.0,0.0,0.0,0.0,0.0,0.0,0.0,0.0,0.0,0.0,0.0,0.0,0.0,0.0,0.0,0.0,0.0,0.0,0.0,True,0.5,100.0,continuous,1e-06,False,2.0
1.75,0.051,45.0,1.0,0.4,True,True,True,True,0.0,0.0,0.0,1.0,1.1e-15,0.9,100.0,grain_cache,0.005,1.0,1000000000000.0,0.0,0.0,0.0,0.0,0.0,0.0,0.0,0.0,0.0,0.0,0.0,0.0,0.45,20.0,1000.0,5.0,0.25,0.0,0.0,0.0,0.0,0.0,0.0,0,0.0,0.2,1000,25,1.0,0.5,constant,0.15,60.0,0.0,0.0,0.0,0.0,0.0,0.0,0.0,0.0,0.0,0.0,0.0,0.0,0.0,0.0,0.0,0.0,0.0,0.0,0.0,0.0,0.0,0.0,0.0,0.0,True,0.5,1.0,continuous,1e-06,False,2.0
1.75,0.051,45.0,1.0,0.4,True,True,True,True,0.0,0.0,0.0,1.0,1.1e-15,0.9,100.0,grain_cache,0.005,1.0,1000000000000.0,0.0,0.0,0.0,0.0,0.0,0.0,0.0,0.0,0.0,0.0,0.0,0.0,0.45,20.0,10000.0,5.0,0.25,0.0,0.0,0.0,0.0,0.0,0.0,0,0.0,0.2,1000,25,1.0,0.5,constant,0.15,70.0,0.0,0.0,0.0,0.0,0.0,0.0,0.0,0.0,0.0,0.0,0.0,0.0,0.0,0.0,0.0,0.0,0.0,0.0,0.0,0.0,0.0,0.0,0.0,0.0,True,0.5,10.0,continuous,1e-06,False,2.0
1.75,0.051,45.0,1.0,0.4,True,True,True,True,0.0,0.0,0.0,1.0,1.1e-15,0.9,100.0,grain_cache,0.005,1.0,1000000000000.0,0.0,0.0,0.0,0.0,0.0,0.0,0.0,0.0,0.0,0.0,0.0,0.0,0.45,20.0,10.0,5.0,0.25,0.0,0.0,0.0,0.0,0.0,0.0,0,0.0,0.2,1000,25,1.0,0.5,constant,0.15,100.0,0.0,0.0,0.0,0.0,0.0,0.0,0.0,0.0,0.0,0.0,0.0,0.0,0.0,0.0,0.0,0.0,0.0,0.0,0.0,0.0,0.0,0.0,0.0,0.0,True,0.5,100.0,continuous,1e-06,False,2.0
1.75,0.051,45.0,1.0,0.4,True,True,True,True,0.0,0.0,0.0,1.0,1.1e-15,0.9,100.0,grain_cache,0.005,1.0,1000000000000.0,0.0,0.0,0.0,0.0,0.0,0.0,0.0,0.0,0.0,0.0,0.0,0.0,0.45,20.0,1000.0,5.0,0.25,0.0,0.0,0.0,0.0,0.0,0.0,0,0.0,0.2,1000,25,1.0,0.5,constant,0.15,120.0,0.0,0.0,0.0,0.0,0.0,0.0,0.0,0.0,0.0,0.0,0.0,0.0,0.0,0.0,0.0,0.0,0.0,0.0,0.0,0.0,0.0,0.0,0.0,0.0,True,0.5,1.0,continuous,1e-06,False,2.0
1.75,0.051,45.0,1.0,0.4,True,True,True,True,0.0,0.0,0.0,1.0,1.1e-15,0.9,100.0,grain_cache,0.005,1.0,1000000000000.0,0.0,0.0,0.0,0.0,0.0,0.0,0.0,0.0,0.0,0.0,0.0,0.0,0.45,20.0,10000.0,5.0,0.25,0.0,0.0,0.0,0.0,0.0,0.0,0,0.0,0.2,1000,25,1.0,0.5,constant,0.15,150.0,0.0,0.0,0.0,0.0,0.0,0.0,0.0,0.0,0.0,0.0,0.0,0.0,0.0,0.0,0.0,0.0,0.0,0.0,0.0,0.0,0.0,0.0,0.0,0.0,True,0.5,10.0,continuous,1e-06,False,2.0
1.75,0.051,45.0,1.0,0.4,True,True,True,True,0.0,0.0,0.0,1.0,1.1e-15,0.9,100.0,grain_cache,0.005,1.0,1000000000000.0,0.0,0.0,0.0,0.0,0.0,0.0,0.0,0.0,0.0,0.0,0.0,0.0,0.45,20.0,10.0,5.0,0.25,0.0,0.0,0.0,0.0,0.0,0.0,0,0.0,0.2,1000,25,1.0,0.5,constant,0.15,200.0,0.0,0.0,0.0,0.0,0.0,0.0,0.0,0.0,0.0,0.0,0.0,0.0,0.0,0.0,0.0,0.0,0.0,0.0,0.0,0.0,0.0,0.0,0.0,0.0,True,0.5,100.0,continuous,1e-06,False,2.0
1.75,0.051,45.0,1.0,0.4,True,True,True,True,0.0,0.0,0.0,1.0,1.1e-15,0.9,100.0,grain_cache,0.005,1.0,1000000000000.0,0.0,0.0,0.0,0.0,0.0,0.0,0.0,0.0,0.0,0.0,0.0,0.0,0.45,20.0,1000.0,5.0,0.25,0.0,0.0,0.0,0.0,0.0,0.0,0,0.0,0.2,1000,25,1.0,0.5,constant,0.15,220.0,0.0,0.0,0.0,0.0,0.0,0.0,0.0,0.0,0.0,0.0,0.0,0.0,0.0,0.0,0.0,0.0,0.0,0.0,0.0,0.0,0.0,0.0,0.0,0.0,True,0.5,1.0,continuous,1e-06,False,2.0
1.75,0.051,45.0,1.0,0.4,True,True,True,True,0.0,0.0,0.0,1.0,1.1e-15,0.9,100.0,grain_cache,0.005,1.0,1000000000000.0,0.0,0.0,0.0,0.0,0.0,0.0,0.0,0.0,0.0,0.0,0.0,0.0,0.45,20.0,10000.0,5.0,0.25,0.0,0.0,0.0,0.0,0.0,0.0,0,0.0,0.2,1000,25,1.0,0.5,constant,0.15,250.0,0.0,0.0,0.0,0.0,0.0,0.0,0.0,0.0,0.0,0.0,0.0,0.0,0.0,0.0,0.0,0.0,0.0,0.0,0.0,0.0,0.0,0.0,0.0,0.0,True,0.5,10.0,continuous,1e-06,False,2.0
1.75,0.051,45.0,1.0,0.4,True,True,True,True,0.0,0.0,0.0,1.0,1.1e-15,0.9,100.0,grain_cache,0.005,1.0,1000000000000.0,0.2573267429389703,0.35,0.5871429486123997,3.6232108760920307,149.85,8.267087567100356,0.0,0.0,0.0,2.4811618246297433,67.05,5.661271941887264,0.45,20.0,100.0,5.0,0.25,0.0,0.0,0.0,0.0,0.0,0.0,0,0.0,0.2,1000,25,1.0,0.5,constant,0.15,10.0,0.17986193535452044,0.2,0.4103913408340617,3.9724530138654153,82.95,9.063954057578554,0.0,0.0,0.0,0.0,0.0,0.0,3.8896443079162477,83.15,8.875009266118218,3.5222643434675884,150.2,8.036757659915505,0.0,0.0,0.0,0.0,0.0,0.0,True,0.5,1.0,continuous,1e-06,False,2.0
1.75,0.051,45.0,1.0,0.4,True,True,True,True,0.0,0.0,0.0,1.0,1.1e-15,0.9,100.0,grain_cache,0.005,1.0,1000000000000.0,0.0,0.0,0.0,0.0,0.0,0.0,0.0,0.0,0.0,0.0,0.0,0.0,0.45,20.0,1000.0,5.0,0.25,0.0,0.0,0.0,0.0,0.0,0.0,0,0.0,0.2,1000,25,1.0,0.5,constant,0.15,20.0,0.0,0.0,0.0,0.0,0.0,0.0,0.0,0.0,0.0,0.0,0.0,0.0,0.0,0.0,0.0,0.0,0.0,0.0,0.0,0.0,0.0,0.0,0.0,0.0,True,0.5,10.0,continuous,1e-06,False,2.0
1.75,0.051,45.0,1.0,0.4,True,True,True,True,0.0,0.0,0.0,1.0,1.1e-15,0.9,100.0,grain_cache,0.005,1.0,1000000000000.0,0.0,0.0,0.0,0.0,0.0,0.0,0.0,0.0,0.0,0.0,0.0,0.0,0.45,20.0,10000.0,5.0,0.25,0.0,0.0,0.0,0.0,0.0,0.0,0,0.0,0.2,1000,25,1.0,0.5,constant,0.15,30.0,0.0,0.0,0.0,0.0,0.0,0.0,0.0,0.0,0.0,0.0,0.0,0.0,0.0,0.0,0.0,0.0,0.0,0.0,0.0,0.0,0.0,0.0,0.0,0.0,True,0.5,100.0,continuous,1e-06,False,2.0
1.75,0.051,45.0,1.0,0.4,True,True,True,True,0.0,0.0,0.0,1.0,1.1e-15,0.9,100.0,grain_cache,0.005,1.0,1000000000000.0,0.0,0.0,0.0,0.0,0.0,0.0,0.0,0.0,0.0,0.0,0.0,0.0,0.45,20.0,100.0,5.0,0.25,0.0,0.0,0.0,0.0,0.0,0.0,0,0.0,0.2,1000,25,1.0,0.5,constant,0.15,50.0,0.0,0.0,0.0,0.0,0.0,0.0,0.0,0.0,0.0,0.0,0.0,0.0,0.0,0.0,0.0,0.0,0.0,0.0,0.0,0.0,0.0,0.0,0.0,0.0,True,0.5,1.0,continuous,1e-06,False,2.0
1.75,0.051,45.0,1.0,0.4,True,True,True,True,0.0,0.0,0.0,1.0,1.1e-15,0.9,100.0,grain_cache,0.005,1.0,1000000000000.0,0.0,0.0,0.0,0.0,0.0,0.0,0.0,0.0,0.0,0.0,0.0,0.0,0.45,20.0,1000.0,5.0,0.25,0.0,0.0,0.0,0.0,0.0,0.0,0,0.0,0.2,1000,25,1.0,0.5,constant,0.15,60.0,0.0,0.0,0.0,0.0,0.0,0.0,0.0,0.0,0.0,0.0,0.0,0.0,0.0,0.0,0.0,0.0,0.0,0.0,0.0,0.0,0.0,0.0,0.0,0.0,True,0.5,10.0,continuous,1e-06,False,2.0
1.75,0.051,45.0,1.0,0.4,True,True,True,True,0.0,0.0,0.0,1.0,1.1e-15,0.9,100.0,grain_cache,0.005,1.0,1000000000000.0,0.0,0.0,0.0,0.0,0.0,0.0,0.0,0.0,0.0,0.0,0.0,0.0,0.45,20.0,10000.0,5.0,0.25,0.0,0.0,0.0,0.0,0.0,0.0,0,0.0,0.2,1000,25,1.0,0.5,constant,0.15,70.0,0.0,0.0,0.0,0.0,0.0,0.0,0.0,0.0,0.0,0.0,0.0,0.0,0.0,0.0,0.0,0.0,0.0,0.0,0.0,0.0,0.0,0.0,0.0,0.0,True,0.5,100.0,continuous,1e-06,False,2.0
1.75,0.051,45.0,1.0,0.4,True,True,True,True,0.0,0.0,0.0,1.0,1.1e-15,0.9,100.0,grain_cache,0.005,1.0,1000000000000.0,0.0,0.0,0.0,0.0,0.0,0.0,0.0,0.0,0.0,0.0,0.0,0.0,0.45,20.0,100.0,5.0,0.25,0.0,0.0,0.0,0.0,0.0,0.0,0,0.0,0.2,1000,25,1.0,0.5,constant,0.15,100.0,0.0,0.0,0.0,0.0,0.0,0.0,0.0,0.0,0.0,0.0,0.0,0.0,0.0,0.0,0.0,0.0,0.0,0.0,0.0,0.0,0.0,0.0,0.0,0.0,True,0.5,1.0,continuous,1e-06,False,2.0
1.75,0.051,45.0,1.0,0.4,True,True,True,True,0.0,0.0,0.0,1.0,1.1e-15,0.9,100.0,grain_cache,0.005,1.0,1000000000000.0,0.0,0.0,0.0,0.0,0.0,0.0,0.0,0.0,0.0,0.0,0.0,0.0,0.45,20.0,1000.0,5.0,0.25,0.0,0.0,0.0,0.0,0.0,0.0,0,0.0,0.2,1000,25,1.0,0.5,constant,0.15,120.0,0.0,0.0,0.0,0.0,0.0,0.0,0.0,0.0,0.0,0.0,0.0,0.0,0.0,0.0,0.0,0.0,0.0,0.0,0.0,0.0,0.0,0.0,0.0,0.0,True,0.5,10.0,continuous,1e-06,False,2.0
1.75,0.051,45.0,1.0,0.4,True,True,True,True,0.0,0.0,0.0,1.0,1.1e-15,0.9,100.0,grain_cache,0.005,1.0,1000000000000.0,0.0,0.0,0.0,0.0,0.0,0.0,0.0,0.0,0.0,0.0,0.0,0.0,0.45,20.0,10000.0,5.0,0.25,0.0,0.0,0.0,0.0,0.0,0.0,0,0.0,0.2,1000,25,1.0,0.5,constant,0.15,150.0,0.0,0.0,0.0,0.0,0.0,0.0,0.0,0.0,0.0,0.0,0.0,0.0,0.0,0.0,0.0,0.0,0.0,0.0,0.0,0.0,0.0,0.0,0.0,0.0,True,0.5,100.0,continuous,1e-06,False,2.0
1.75,0.051,45.0,1.0,0.4,True,True,True,True,0.0,0.0,0.0,1.0,1.1e-15,0.9,100.0,grain_cache,0.005,1.0,1000000000000.0,0.0,0.0,0.0,0.0,0.0,0.0,0.0,0.0,0.0,0.0,0.0,0.0,0.45,20.0,100.0,5.0,0.25,0.0,0.0,0.0,0.0,0.0,0.0,0,0.0,0.2,1000,25,1.0,0.5,constant,0.15,200.0,0.0,0.0,0.0,0.0,0.0,0.0,0.0,0.0,0.0,0.0,0.0,0.0,0.0,0.0,0.0,0.0,0.0,0.0,0.0,0.0,0.0,0.0,0.0,0.0,True,0.5,1.0,continuous,1e-06,False,2.0
1.75,0.051,45.0,1.0,0.4,True,True,True,True,0.0,0.0,0.0,1.0,1.1e-15,0.9,100.0,grain_cache,0.005,1.0,1000000000000.0,0.0,0.0,0.0,0.0,0.0,0.0,0.0,0.0,0.0,0.0,0.0,0.0,0.45,20.0,1000.0,5.0,0.25,0.0,0.0,0.0,0.0,0.0,0.0,0,0.0,0.2,1000,25,1.0,0.5,constant,0.15,220.0,0.0,0.0,0.0,0.0,0.0,0.0,0.0,0.0,0.0,0.0,0.0,0.0,0.0,0.0,0.0,0.0,0.0,0.0,0.0,0.0,0.0,0.0,0.0,0.0,True,0.5,10.0,continuous,1e-06,False,2.0
1.75,0.051,45.0,1.0,0.4,True,True,True,True,0.0,0.0,0.0,1.0,1.1e-15,0.9,100.0,grain_cache,0.005,1.0,1000000000000.0,0.0,0.0,0.0,0.0,0.0,0.0,0.0,0.0,0.0,0.0,0.0,0.0,0.45,20.0,10000.0,5.0,0.25,0.0,0.0,0.0,0.0,0.0,0.0,0,0.0,0.2,1000,25,1.0,0.5,constant,0.15,250.0,0.0,0.0,0.0,0.0,0.0,0.0,0.0,0.0,0.0,0.0,0.0,0.0,0.0,0.0,0.0,0.0,0.0,0.0,0.0,0.0,0.0,0.0,0.0,0.0,True,0.5,100.0,continuous,1e-06,False,2.0
1.75,0.051,45.0,1.0,0.4,True,True,True,True,0.0,0.0,0.0,1.0,1.1e-15,0.9,100.0,grain_cache,0.005,1.0,1000000000000.0,0.2573267429389703,0.35,0.5871429486123997,3.94640972077286,149.15,9.004531023177632,0.0,0.0,0.0,2.5982891537155344,66.9,5.9285216050085054,0.45,20.0,100.0,5.0,0.25,0.0,0.0,0.0,0.0,0.0,0.0,0,0.0,0.2,1000,25,1.0,0.5,constant,0.15,10.0,0.17986193535452044,0.2,0.4103913408340617,4.005210711324095,82.4,9.13869736197037,0.0,0.0,0.0,0.0,0.0,0.0,3.939037980335594,82.6,8.987710908146804,3.88242517805017,149.5,8.858537362935618,0.0,0.0,0.0,0.0,0.0,0.0,True,0.5,10.0,continuous,1e-06,False,2.0
1.75,0.051,45.0,1.0,0.4,True,True,True,True,0.0,0.0,0.0,1.0,1.1e-15,0.9,100.0,grain_cache,0.005,1.0,1000000000000.0,0.0,0.0,0.0,0.0,0.0,0.0,0.0,0.0,0.0,0.0,0.0,0.0,0.45,20.0,1000.0,5.0,0.25,0.0,0.0,0.0,0.0,0.0,0.0,0,0.0,0.2,1000,25,1.0,0.5,constant,0.15,20.0,0.0,0.0,0.0,0.0,0.0,0.0,0.0,0.0,0.0,0.0,0.0,0.0,0.0,0.0,0.0,0.0,0.0,0.0,0.0,0.0,0.0,0.0,0.0,0.0,True,0.5,100.0,continuous,1e-06,False,2.0
1.75,0.051,45.0,1.0,0.4,True,True,True,True,0.0,0.0,0.0,1.0,1.1e-15,0.9,100.0,grain_cache,0.005,1.0,1000000000000.0,0.0,0.0,0.0,0.0,0.0,0.0,0.0,0.0,0.0,0.0,0.0,0.0,0.45,20.0,10.0,5.0,0.25,0.0,0.0,0.0,0.0,0.0,0.0,0,0.0,0.2,1000,25,1.0,0.5,constant,0.15,40.0,0.0,0.0,0.0,0.0,0.0,0.0,0.0,0.0,0.0,0.0,0.0,0.0,0.0,0.0,0.0,0.0,0.0,0.0,0.0,0.0,0.0,0.0,0.0,0.0,True,0.5,1.0,continuous,1e-06,False,2.0
1.75,0.051,45.0,1.0,0.4,True,True,True,True,0.0,0.0,0.0,1.0,1.1e-15,0.9,100.0,grain_cache,0.005,1.0,1000000000000.0,0.0,0.0,0.0,0.0,0.0,0.0,0.0,0.0,0.0,0.0,0.0,0.0,0.45,20.0,100.0,5.0,0.25,0.0,0.0,0.0,0.0,0.0,0.0,0,0.0,0.2,1000,25,1.0,0.5,constant,0.15,50.0,0.0,0.0,0.0,0.0,0.0,0.0,0.0,0.0,0.0,0.0,0.0,0.0,0.0,0.0,0.0,0.0,0.0,0.0,0.0,0.0,0.0,0.0,0.0,0.0,True,0.5,10.0,continuous,1e-06,False,2.0
1.75,0.051,45.0,1.0,0.4,True,True,True,True,0.0,0.0,0.0,1.0,1.1e-15,0.9,100.0,grain_cache,0.005,1.0,1000000000000.0,0.0,0.0,0.0,0.0,0.0,0.0,0.0,0.0,0.0,0.0,0.0,0.0,0.45,20.0,1000.0,5.0,0.25,0.0,0.0,0.0,0.0,0.0,0.0,0,0.0,0.2,1000,25,1.0,0.5,constant,0.15,60.0,0.0,0.0,0.0,0.0,0.0,0.0,0.0,0.0,0.0,0.0,0.0,0.0,0.0,0.0,0.0,0.0,0.0,0.0,0.0,0.0,0.0,0.0,0.0,0.0,True,0.5,100.0,continuous,1e-06,False,2.0
1.75,0.051,45.0,1.0,0.4,True,True,True,True,0.0,0.0,0.0,1.0,1.1e-15,0.9,100.0,grain_cache,0.005,1.0,1000000000000.0,0.0,0.0,0.0,0.0,0.0,0.0,0.0,0.0,0.0,0.0,0.0,0.0,0.45,20.0,10.0,5.0,0.25,0.0,0.0,0.0,0.0,0.0,0.0,0,0.0,0.2,1000,25,1.0,0.5,constant,0.15,80.0,0.0,0.0,0.0,0.0,0.0,0.0,0.0,0.0,0.0,0.0,0.0,0.0,0.0,0.0,0.0,0.0,0.0,0.0,0.0,0.0,0.0,0.0,0.0,0.0,True,0.5,1.0,continuous,1e-06,False,2.0
1.75,0.051,45.0,1.0,0.4,True,True,True,True,0.0,0.0,0.0,1.0,1.1e-15,0.9,100.0,grain_cache,0.005,1.0,1000000000000.0,0.0,0.0,0.0,0.0,0.0,0.0,0.0,0.0,0.0,0.0,0.0,0.0,0.45,20.0,100.0,5.0,0.25,0.0,0.0,0.0,0.0,0.0,0.0,0,0.0,0.2,1000,25,1.0,0.5,constant,0.15,100.0,0.0,0.0,0.0,0.0,0.0,0.0,0.0,0.0,0.0,0.0,0.0,0.0,0.0,0.0,0.0,0.0,0.0,0.0,0.0,0.0,0.0,0.0,0.0,0.0,True,0.5,10.0,continuous,1e-06,False,2.0
1.75,0.051,45.0,1.0,0.4,True,True,True,True,0.0,0.0,0.0,1.0,1.1e-15,0.9,100.0,grain_cache,0.005,1.0,1000000000000.0,0.0,0.0,0.0,0.0,0.0,0.0,0.0,0.0,0.0,0.0,0.0,0.0,0.45,20.0,1000.0,5.0,0.25,0.0,0.0,0.0,0.0,0.0,0.0,0,0.0,0.2,1000,25,1.0,0.5,constant,0.15,120.0,0.0,0.0,0.0,0.0,0.0,0.0,0.0,0.0,0.0,0.0,0.0,0.0,0.0,0.0,0.0,0.0,0.0,0.0,0.0,0.0,0.0,0.0,0.0,0.0,True,0.5,100.0,continuous,1e-06,False,2.0
1.75,0.051,45.0,1.0,0.4,True,True,True,True,0.0,0.0,0.0,1.0,1.1e-15,0.9,100.0,grain_cache,0.005,1.0,1000000000000.0,0.0,0.0,0.0,0.0,0.0,0.0,0.0,0.0,0.0,0.0,0.0,0.0,0.45,20.0,10.0,5.0,0.25,0.0,0.0,0.0,0.0,0.0,0.0,0,0.0,0.2,1000,25,1.0,0.5,constant,0.15,180.0,0.0,0.0,0.0,0.0,0.0,0.0,0.0,0.0,0.0,0.0,0.0,0.0,0.0,0.0,0.0,0.0,0.0,0.0,0.0,0.0,0.0,0.0,0.0,0.0,True,0.5,1.0,continuous,1e-06,False,2.0
1.75,0.051,45.0,1.0,0.4,True,True,True,True,0.0,0.0,0.0,1.0,1.1e-15,0.9,100.0,grain_cache,0.005,1.0,1000000000000.0,0.0,0.0,0.0,0.0,0.0,0.0,0.0,0.0,0.0,0.0,0.0,0.0,0.45,20.0,100.0,5.0,0.25,0.0,0.0,0.0,0.0,0.0,0.0,0,0.0,0.2,1000,25,1.0,0.5,constant,0.15,200.0,0.0,0.0,0.0,0.0,0.0,0.0,0.0,0.0,0.0,0.0,0.0,0.0,0.0,0.0,0.0,0.0,0.0,0.0,0.0,0.0,0.0,0.0,0.0,0.0,True,0.5,10.0,continuous,1e-06,False,2.0
1.75,0.051,45.0,1.0,0.4,True,True,True,True,0.0,0.0,0.0,1.0,1.1e-15,0.9,100.0,grain_cache,0.005,1.0,1000000000000.0,0.0,0.0,0.0,0.0,0.0,0.0,0.0,0.0,0.0,0.0,0.0,0.0,0.45,20.0,1000.0,5.0,0.25,0.0,0.0,0.0,0.0,0.0,0.0,0,0.0,0.2,1000,25,1.0,0.5,constant,0.15,220.0,0.0,0.0,0.0,0.0,0.0,0.0,0.0,0.0,0.0,0.0,0.0,0.0,0.0,0.0,0.0,0.0,0.0,0.0,0.0,0.0,0.0,0.0,0.0,0.0,True,0.5,100.0,continuous,1e-06,False,2.0
1.75,0.051,45.0,1.0,0.4,True,True,True,True,0.0,0.0,0.0,1.0,1.1e-15,0.9,100.0,grain_cache,0.005,1.0,1000000000000.0,0.356193619730677,0.35,0.8127277008872491,3.5098289357025276,153.65,8.008383764925092,0.0,0.0,0.0,3.390275225592039,68.45,7.73559782332371,0.45,20.0,100.0,5.0,0.25,0.0,0.0,0.0,0.0,0.0,0.0,0,0.0,0.2,1000,25,1.0,0.5,constant,0.15,10.0,0.09799999999999998,0.05,0.22360679774997894,2.6392096105502976,85.5,6.021889893940012,0.0,0.0,0.0,0.0,0.0,0.0,2.616029092064214,85.55,5.968998858135345,3.5003831369241794,154.0,7.986831266792264,0.0,0.0,0.0,0.0,0.0,0.0,True,0.5,100.0,continuous,1e-06,False,2.0
1.75,0.051,45.0,1.0,0.4,True,True,True,True,0.0,0.0,0.0,1.0,1.1e-15,0.9,100.0,grain_cache,0.005,1.0,1000000000000.0,0.0,0.0,0.0,0.0,0.0,0.0,0.0,0.0,0.0,0.0,0.0,0.0,0.45,20.0,10000.0,5.0,0.25,0.0,0.0,0.0,0.0,0.0,0.0,0,0.0,0.2,1000,25,1.0,0.5,constant,0.15,20.0,0.0,0.0,0.0,0.0,0.0,0.0,0.0,0.0,0.0,0.0,0.0,0.0,0.0,0.0,0.0,0.0,0.0,0.0,0.0,0.0,0.0,0.0,0.0,0.0,True,0.5,1.0,continuous,1e-06,False,2.0
1.75,0.051,45.0,1.0,0.4,True,True,True,True,0.0,0.0,0.0,1.0,1.1e-15,0.9,100.0,grain_cache,0.005,1.0,1000000000000.0,0.0,0.0,0.0,0.0,0.0,0.0,0.0,0.0,0.0,0.0,0.0,0.0,0.45,20.0,10.0,5.0,0.25,0.0,0.0,0.0,0.0,0.0,0.0,0,0.0,0.2,1000,25,1.0,0.5,constant,0.15,40.0,0.0,0.0,0.0,0.0,0.0,0.0,0.0,0.0,0.0,0.0,0.0,0.0,0.0,0.0,0.0,0.0,0.0,0.0,0.0,0.0,0.0,0.0,0.0,0.0,True,0.5,10.0,continuous,1e-06,False,2.0
1.75,0.051,45.0,1.0,0.4,True,True,True,True,0.0,0.0,0.0,1.0,1.1e-15,0.9,100.0,grain_cache,0.005,1.0,1000000000000.0,0.0,0.0,0.0,0.0,0.0,0.0,0.0,0.0,0.0,0.0,0.0,0.0,0.45,20.0,100.0,5.0,0.25,0.0,0.0,0.0,0.0,0.0,0.0,0,0.0,0.2,1000,25,1.0,0.5,constant,0.15,50.0,0.0,0.0,0.0,0.0,0.0,0.0,0.0,0.0,0.0,0.0,0.0,0.0,0.0,0.0,0.0,0.0,0.0,0.0,0.0,0.0,0.0,0.0,0.0,0.0,True,0.5,100.0,continuous,1e-06,False,2.0
1.75,0.051,45.0,1.0,0.4,True,True,True,True,0.0,0.0,0.0,1.0,1.1e-15,0.9,100.0,grain_cache,0.005,1.0,1000000000000.0,0.0,0.0,0.0,0.0,0.0,0.0,0.0,0.0,0.0,0.0,0.0,0.0,0.45,20.0,10000.0,5.0,0.25,0.0,0.0,0.0,0.0,0.0,0.0,0,0.0,0.2,1000,25,1.0,0.5,constant,0.15,60.0,0.0,0.0,0.0,0.0,0.0,0.0,0.0,0.0,0.0,0.0,0.0,0.0,0.0,0.0,0.0,0.0,0.0,0.0,0.0,0.0,0.0,0.0,0.0,0.0,True,0.5,1.0,continuous,1e-06,False,2.0
1.75,0.051,45.0,1.0,0.4,True,True,True,True,0.0,0.0,0.0,1.0,1.1e-15,0.9,100.0,grain_cache,0.005,1.0,1000000000000.0,0.0,0.0,0.0,0.0,0.0,0.0,0.0,0.0,0.0,0.0,0.0,0.0,0.45,20.0,10.0,5.0,0.25,0.0,0.0,0.0,0.0,0.0,0.0,0,0.0,0.2,1000,25,1.0,0.5,constant,0.15,80.0,0.0,0.0,0.0,0.0,0.0,0.0,0.0,0.0,0.0,0.0,0.0,0.0,0.0,0.0,0.0,0.0,0.0,0.0,0.0,0.0,0.0,0.0,0.0,0.0,True,0.5,10.0,continuous,1e-06,False,2.0
1.75,0.051,45.0,1.0,0.4,True,True,True,True,0.0,0.0,0.0,1.0,1.1e-15,0.9,100.0,grain_cache,0.005,1.0,1000000000000.0,0.0,0.0,0.0,0.0,0.0,0.0,0.0,0.0,0.0,0.0,0.0,0.0,0.45,20.0,100.0,5.0,0.25,0.0,0.0,0.0,0.0,0.0,0.0,0,0.0,0.2,1000,25,1.0,0.5,constant,0.15,100.0,0.0,0.0,0.0,0.0,0.0,0.0,0.0,0.0,0.0,0.0,0.0,0.0,0.0,0.0,0.0,0.0,0.0,0.0,0.0,0.0,0.0,0.0,0.0,0.0,True,0.5,100.0,continuous,1e-06,False,2.0
1.75,0.051,45.0,1.0,0.4,True,True,True,True,0.0,0.0,0.0,1.0,1.1e-15,0.9,100.0,grain_cache,0.005,1.0,1000000000000.0,0.0,0.0,0.0,0.0,0.0,0.0,0.0,0.0,0.0,0.0,0.0,0.0,0.45,20.0,10000.0,5.0,0.25,0.0,0.0,0.0,0.0,0.0,0.0,0,0.0,0.2,1000,25,1.0,0.5,constant,0.15,120.0,0.0,0.0,0.0,0.0,0.0,0.0,0.0,0.0,0.0,0.0,0.0,0.0,0.0,0.0,0.0,0.0,0.0,0.0,0.0,0.0,0.0,0.0,0.0,0.0,True,0.5,1.0,continuous,1e-06,False,2.0
1.75,0.051,45.0,1.0,0.4,True,True,True,True,0.0,0.0,0.0,1.0,1.1e-15,0.9,100.0,grain_cache,0.005,1.0,1000000000000.0,0.0,0.0,0.0,0.0,0.0,0.0,0.0,0.0,0.0,0.0,0.0,0.0,0.45,20.0,10.0,5.0,0.25,0.0,0.0,0.0,0.0,0.0,0.0,0,0.0,0.2,1000,25,1.0,0.5,constant,0.15,180.0,0.0,0.0,0.0,0.0,0.0,0.0,0.0,0.0,0.0,0.0,0.0,0.0,0.0,0.0,0.0,0.0,0.0,0.0,0.0,0.0,0.0,0.0,0.0,0.0,True,0.5,10.0,continuous,1e-06,False,2.0
1.75,0.051,45.0,1.0,0.4,True,True,True,True,0.0,0.0,0.0,1.0,1.1e-15,0.9,100.0,grain_cache,0.005,1.0,1000000000000.0,0.0,0.0,0.0,0.0,0.0,0.0,0.0,0.0,0.0,0.0,0.0,0.0,0.45,20.0,100.0,5.0,0.25,0.0,0.0,0.0,0.0,0.0,0.0,0,0.0,0.2,1000,25,1.0,0.5,constant,0.15,200.0,0.0,0.0,0.0,0.0,0.0,0.0,0.0,0.0,0.0,0.0,0.0,0.0,0.0,0.0,0.0,0.0,0.0,0.0,0.0,0.0,0.0,0.0,0.0,0.0,True,0.5,100.0,continuous,1e-06,False,2.0
1.75,0.051,45.0,1.0,0.4,True,True,True,True,0.0,0.0,0.0,1.0,1.1e-15,0.9,100.0,grain_cache,0.005,1.0,1000000000000.0,0.0,0.0,0.0,0.0,0.0,0.0,0.0,0.0,0.0,0.0,0.0,0.0,0.45,20.0,10000.0,5.0,0.25,0.0,0.0,0.0,0.0,0.0,0.0,0,0.0,0.2,1000,25,1.0,0.5,constant,0.15,220.0,0.0,0.0,0.0,0.0,0.0,0.0,0.0,0.0,0.0,0.0,0.0,0.0,0.0,0.0,0.0,0.0,0.0,0.0,0.0,0.0,0.0,0.0,0.0,0.0,True,0.5,1.0,continuous,1e-06,False,2.0
1.75,0.051,45.0,1.0,0.4,True,True,True,True,0.0,0.0,0.0,1.0,1.1e-15,0.9,100.0,grain_cache,0.005,1.0,1000000000000.0,0.8531600701293736,6.0,1.9466570535691503,12.388358023818805,523.05,28.266541500881438,0.0,0.0,0.0,6.028394147698042,232.4,13.75499909123952,0.45,20.0,1000.0,5.0,0.25,0.0,0.0,0.0,0.0,0.0,0.0,0,0.0,0.2,1000,25,1.0,0.5,constant,0.15,10.0,0.6889410638608241,3.55,1.5719582155957414,9.4928302695411,293.1,21.65980998118526,0.0,0.0,0.0,0.0,0.0,0.0,9.736117577026492,296.65,22.214919121593656,12.659580595031782,529.05,28.885390588906432,0.0,0.0,0.0,0.0,0.0,0.0,True,0.5,1.0,continuous,1e-06,False,2.0
1.75,0.051,45.0,1.0,0.4,True,True,True,True,0.0,0.0,0.0,1.0,1.1e-15,0.9,100.0,grain_cache,0.005,1.0,1000000000000.0,0.0,0.0,0.0,0.0,0.0,0.0,0.0,0.0,0.0,0.0,0.0,0.0,0.45,20.0,10000.0,5.0,0.25,0.0,0.0,0.0,0.0,0.0,0.0,0,0.0,0.2,1000,25,1.0,0.5,constant,0.15,20.0,0.0,0.0,0.0,0.0,0.0,0.0,0.0,0.0,0.0,0.0,0.0,0.0,0.0,0.0,0.0,0.0,0.0,0.0,0.0,0.0,0.0,0.0,0.0,0.0,True,0.5,10.0,continuous,1e-06,False,2.0
1.75,0.051,45.0,1.0,0.4,True,True,True,True,0.0,0.0,0.0,1.0,1.1e-15,0.9,100.0,grain_cache,0.005,1.0,1000000000000.0,0.0,0.0,0.0,0.0,0.0,0.0,0.0,0.0,0.0,0.0,0.0,0.0,0.45,20.0,10.0,5.0,0.25,0.0,0.0,0.0,0.0,0.0,0.0,0,0.0,0.2,1000,25,1.0,0.5,constant,0.15,40.0,0.0,0.0,0.0,0.0,0.0,0.0,0.0,0.0,0.0,0.0,0.0,0.0,0.0,0.0,0.0,0.0,0.0,0.0,0.0,0.0,0.0,0.0,0.0,0.0,True,0.5,100.0,continuous,1e-06,False,2.0
1.75,0.051,45.0,1.0,0.4,True,True,True,True,0.0,0.0,0.0,1.0,1.1e-15,0.9,100.0,grain_cache,0.005,1.0,1000000000000.0,0.0,0.0,0.0,0.0,0.0,0.0,0.0,0.0,0.0,0.0,0.0,0.0,0.45,20.0,1000.0,5.0,0.25,0.0,0.0,0.0,0.0,0.0,0.0,0,0.0,0.2,1000,25,1.0,0.5,constant,0.15,50.0,0.0,0.0,0.0,0.0,0.0,0.0,0.0,0.0,0.0,0.0,0.0,0.0,0.0,0.0,0.0,0.0,0.0,0.0,0.0,0.0,0.0,0.0,0.0,0.0,True,0.5,1.0,continuous,1e-06,False,2.0
1.75,0.051,45.0,1.0,0.4,True,True,True,True,0.0,0.0,0.0,1.0,1.1e-15,0.9,100.0,grain_cache,0.005,1.0,1000000000000.0,0.0,0.0,0.0,0.0,0.0,0.0,0.0,0.0,0.0,0.0,0.0,0.0,0.45,20.0,10000.0,5.0,0.25,0.0,0.0,0.0,0.0,0.0,0.0,0,0.0,0.2,1000,25,1.0,0.5,constant,0.15,60.0,0.0,0.0,0.0,0.0,0.0,0.0,0.0,0.0,0.0,0.0,0.0,0.0,0.0,0.0,0.0,0.0,0.0,0.0,0.0,0.0,0.0,0.0,0.0,0.0,True,0.5,10.0,continuous,1e-06,False,2.0
1.75,0.051,45.0,1.0,0.4,True,True,True,True,0.0,0.0,0.0,1.0,1.1e-15,0.9,100.0,grain_cache,0.005,1.0,1000000000000.0,0.0,0.0,0.0,0.0,0.0,0.0,0.0,0.0,0.0,0.0,0.0,0.0,0.45,20.0,10.0,5.0,0.25,0.0,0.0,0.0,0.0,0.0,0.0,0,0.0,0.2,1000,25,1.0,0.5,constant,0.15,80.0,0.0,0.0,0.0,0.0,0.0,0.0,0.0,0.0,0.0,0.0,0.0,0.0,0.0,0.0,0.0,0.0,0.0,0.0,0.0,0.0,0.0,0.0,0.0,0.0,True,0.5,100.0,continuous,1e-06,False,2.0
1.75,0.051,45.0,1.0,0.4,True,True,True,True,0.0,0.0,0.0,1.0,1.1e-15,0.9,100.0,grain_cache,0.005,1.0,1000000000000.0,0.0,0.0,0.0,0.0,0.0,0.0,0.0,0.0,0.0,0.0,0.0,0.0,0.45,20.0,1000.0,5.0,0.25,0.0,0.0,0.0,0.0,0.0,0.0,0,0.0,0.2,1000,25,1.0,0.5,constant,0.15,100.0,0.0,0.0,0.0,0.0,0.0,0.0,0.0,0.0,0.0,0.0,0.0,0.0,0.0,0.0,0.0,0.0,0.0,0.0,0.0,0.0,0.0,0.0,0.0,0.0,True,0.5,1.0,continuous,1e-06,False,2.0
1.75,0.051,45.0,1.0,0.4,True,True,True,True,0.0,0.0,0.0,1.0,1.1e-15,0.9,100.0,grain_cache,0.005,1.0,1000000000000.0,0.0,0.0,0.0,0.0,0.0,0.0,0.0,0.0,0.0,0.0,0.0,0.0,0.45,20.0,10000.0,5.0,0.25,0.0,0.0,0.0,0.0,0.0,0.0,0,0.0,0.2,1000,25,1.0,0.5,constant,0.15,120.0,0.0,0.0,0.0,0.0,0.0,0.0,0.0,0.0,0.0,0.0,0.0,0.0,0.0,0.0,0.0,0.0,0.0,0.0,0.0,0.0,0.0,0.0,0.0,0.0,True,0.5,10.0,continuous,1e-06,False,2.0
1.75,0.051,45.0,1.0,0.4,True,True,True,True,0.0,0.0,0.0,1.0,1.1e-15,0.9,100.0,grain_cache,0.005,1.0,1000000000000.0,0.0,0.0,0.0,0.0,0.0,0.0,0.0,0.0,0.0,0.0,0.0,0.0,0.45,20.0,10.0,5.0,0.25,0.0,0.0,0.0,0.0,0.0,0.0,0,0.0,0.2,1000,25,1.0,0.5,constant,0.15,180.0,0.0,0.0,0.0,0.0,0.0,0.0,0.0,0.0,0.0,0.0,0.0,0.0,0.0,0.0,0.0,0.0,0.0,0.0,0.0,0.0,0.0,0.0,0.0,0.0,True,0.5,100.0,continuous,1e-06,False,2.0
1.75,0.051,45.0,1.0,0.4,True,True,True,True,0.0,0.0,0.0,1.0,1.1e-15,0.9,100.0,grain_cache,0.005,1.0,1000000000000.0,0.0,0.0,0.0,0.0,0.0,0.0,0.0,0.0,0.0,0.0,0.0,0.0,0.45,20.0,1000.0,5.0,0.25,0.0,0.0,0.0,0.0,0.0,0.0,0,0.0,0.2,1000,25,1.0,0.5,constant,0.15,200.0,0.0,0.0,0.0,0.0,0.0,0.0,0.0,0.0,0.0,0.0,0.0,0.0,0.0,0.0,0.0,0.0,0.0,0.0,0.0,0.0,0.0,0.0,0.0,0.0,True,0.5,1.0,continuous,1e-06,False,2.0
1.75,0.051,45.0,1.0,0.4,True,True,True,True,0.0,0.0,0.0,1.0,1.1e-15,0.9,100.0,grain_cache,0.005,1.0,1000000000000.0,0.0,0.0,0.0,0.0,0.0,0.0,0.0,0.0,0.0,0.0,0.0,0.0,0.45,20.0,10000.0,5.0,0.25,0.0,0.0,0.0,0.0,0.0,0.0,0,0.0,0.2,1000,25,1.0,0.5,constant,0.15,220.0,0.0,0.0,0.0,0.0,0.0,0.0,0.0,0.0,0.0,0.0,0.0,0.0,0.0,0.0,0.0,0.0,0.0,0.0,0.0,0.0,0.0,0.0,0.0,0.0,True,0.5,10.0,continuous,1e-06,False,2.0
1.75,0.051,45.0,1.0,0.4,True,True,True,True,0.0,0.0,0.0,1.0,1.1e-15,0.9,100.0,grain_cache,0.005,1.0,1000000000000.0,0.8531600701293736,6.0,1.9466570535691503,11.822929871095493,523.4,26.97640294385954,0.0,0.0,0.0,5.60082059777146,232.55,12.779403659589786,0.45,20.0,1000.0,5.0,0.25,0.0,0.0,0.0,0.0,0.0,0.0,0,0.0,0.2,1000,25,1.0,0.5,constant,0.15,10.0,0.7319850444258802,3.5,1.670171752907624,9.467637186475665,293.35,21.602326872718816,0.0,0.0,0.0,0.0,0.0,0.0,9.778597154796257,296.85,22.31184485990864,12.1009794818871,529.4,27.610829301867085,0.0,0.0,0.0,0.0,0.0,0.0,True,0.5,10.0,continuous,1e-06,False,2.0
1.75,0.051,45.0,1.0,0.4,True,True,True,True,0.0,0.0,0.0,1.0,1.1e-15,0.9,100.0,grain_cache,0.005,1.0,1000000000000.0,0.0,0.0,0.0,0.0,0.0,0.0,0.0,0.0,0.0,0.0,0.0,0.0,0.45,20.0,10000.0,5.0,0.25,0.0,0.0,0.0,0.0,0.0,0.0,0,0.0,0.2,1000,25,1.0,0.5,constant,0.15,20.0,0.0,0.0,0.0,0.0,0.0,0.0,0.0,0.0,0.0,0.0,0.0,0.0,0.0,0.0,0.0,0.0,0.0,0.0,0.0,0.0,0.0,0.0,0.0,0.0,True,0.5,100.0,continuous,1e-06,False,2.0
1.75,0.051,45.0,1.0,0.4,True,True,True,True,0.0,0.0,0.0,1.0,1.1e-15,0.9,100.0,grain_cache,0.005,1.0,1000000000000.0,0.0,0.0,0.0,0.0,0.0,0.0,0.0,0.0,0.0,0.0,0.0,0.0,0.45,20.0,100.0,5.0,0.25,0.0,0.0,0.0,0.0,0.0,0.0,0,0.0,0.2,1000,25,1.0,0.5,constant,0.15,40.0,0.0,0.0,0.0,0.0,0.0,0.0,0.0,0.0,0.0,0.0,0.0,0.0,0.0,0.0,0.0,0.0,0.0,0.0,0.0,0.0,0.0,0.0,0.0,0.0,True,0.5,1.0,continuous,1e-06,False,2.0
1.75,0.051,45.0,1.0,0.4,True,True,True,True,0.0,0.0,0.0,1.0,1.1e-15,0.9,100.0,grain_cache,0.005,1.0,1000000000000.0,0.0,0.0,0.0,0.0,0.0,0.0,0.0,0.0,0.0,0.0,0.0,0.0,0.45,20.0,1000.0,5.0,0.25,0.0,0.0,0.0,0.0,0.0,0.0,0,0.0,0.2,1000,25,1.0,0.5,constant,0.15,50.0,0.0,0.0,0.0,0.0,0.0,0.0,0.0,0.0,0.0,0.0,0.0,0.0,0.0,0.0,0.0,0.0,0.0,0.0,0.0,0.0,0.0,0.0,0.0,0.0,True,0.5,10.0,continuous,1e-06,False,2.0
1.75,0.051,45.0,1.0,0.4,True,True,True,True,0.0,0.0,0.0,1.0,1.1e-15,0.9,100.0,grain_cache,0.005,1.0,1000000000000.0,0.0,0.0,0.0,0.0,0.0,0.0,0.0,0.0,0.0,0.0,0.0,0.0,0.45,20.0,10000.0,5.0,0.25,0.0,0.0,0.0,0.0,0.0,0.0,0,0.0,0.2,1000,25,1.0,0.5,constant,0.15,60.0,0.0,0.0,0.0,0.0,0.0,0.0,0.0,0.0,0.0,0.0,0.0,0.0,0.0,0.0,0.0,0.0,0.0,0.0,0.0,0.0,0.0,0.0,0.0,0.0,True,0.5,100.0,continuous,1e-06,False,2.0
1.75,0.051,45.0,1.0,0.4,True,True,True,True,0.0,0.0,0.0,1.0,1.1e-15,0.9,100.0,grain_cache,0.005,1.0,1000000000000.0,0.0,0.0,0.0,0.0,0.0,0.0,0.0,0.0,0.0,0.0,0.0,0.0,0.45,20.0,100.0,5.0,0.25,0.0,0.0,0.0,0.0,0.0,0.0,0,0.0,0.2,1000,25,1.0,0.5,constant,0.15,80.0,0.0,0.0,0.0,0.0,0.0,0.0,0.0,0.0,0.0,0.0,0.0,0.0,0.0,0.0,0.0,0.0,0.0,0.0,0.0,0.0,0.0,0.0,0.0,0.0,True,0.5,1.0,continuous,1e-06,False,2.0
1.75,0.051,45.0,1.0,0.4,True,True,True,True,0.0,0.0,0.0,1.0,1.1e-15,0.9,100.0,grain_cache,0.005,1.0,1000000000000.0,0.0,0.0,0.0,0.0,0.0,0.0,0.0,0.0,0.0,0.0,0.0,0.0,0.45,20.0,1000.0,5.0,0.25,0.0,0.0,0.0,0.0,0.0,0.0,0,0.0,0.2,1000,25,1.0,0.5,constant,0.15,100.0,0.0,0.0,0.0,0.0,0.0,0.0,0.0,0.0,0.0,0.0,0.0,0.0,0.0,0.0,0.0,0.0,0.0,0.0,0.0,0.0,0.0,0.0,0.0,0.0,True,0.5,10.0,continuous,1e-06,False,2.0
1.75,0.051,45.0,1.0,0.4,True,True,True,True,0.0,0.0,0.0,1.0,1.1e-15,0.9,100.0,grain_cache,0.005,1.0,1000000000000.0,0.0,0.0,0.0,0.0,0.0,0.0,0.0,0.0,0.0,0.0,0.0,0.0,0.45,20.0,10000.0,5.0,0.25,0.0,0.0,0.0,0.0,0.0,0.0,0,0.0,0.2,1000,25,1.0,0.5,constant,0.15,120.0,0.0,0.0,0.0,0.0,0.0,0.0,0.0,0.0,0.0,0.0,0.0,0.0,0.0,0.0,0.0,0.0,0.0,0.0,0.0,0.0,0.0,0.0,0.0,0.0,True,0.5,100.0,continuous,1e-06,False,2.0
1.75,0.051,45.0,1.0,0.4,True,True,True,True,0.0,0.0,0.0,1.0,1.1e-15,0.9,100.0,grain_cache,0.005,1.0,1000000000000.0,0.0,0.0,0.0,0.0,0.0,0.0,0.0,0.0,0.0,0.0,0.0,0.0,0.45,20.0,100.0,5.0,0.25,0.0,0.0,0.0,0.0,0.0,0.0,0,0.0,0.2,1000,25,1.0,0.5,constant,0.15,180.0,0.0,0.0,0.0,0.0,0.0,0.0,0.0,0.0,0.0,0.0,0.0,0.0,0.0,0.0,0.0,0.0,0.0,0.0,0.0,0.0,0.0,0.0,0.0,0.0,True,0.5,1.0,continuous,1e-06,False,2.0
1.75,0.051,45.0,1.0,0.4,True,True,True,True,0.0,0.0,0.0,1.0,1.1e-15,0.9,100.0,grain_cache,0.005,1.0,1000000000000.0,0.0,0.0,0.0,0.0,0.0,0.0,0.0,0.0,0.0,0.0,0.0,0.0,0.45,20.0,1000.0,5.0,0.25,0.0,0.0,0.0,0.0,0.0,0.0,0,0.0,0.2,1000,25,1.0,0.5,constant,0.15,200.0,0.0,0.0,0.0,0.0,0.0,0.0,0.0,0.0,0.0,0.0,0.0,0.0,0.0,0.0,0.0,0.0,0.0,0.0,0.0,0.0,0.0,0.0,0.0,0.0,True,0.5,10.0,continuous,1e-06,False,2.0
1.75,0.051,45.0,1.0,0.4,True,True,True,True,0.0,0.0,0.0,1.0,1.1e-15,0.9,100.0,grain_cache,0.005,1.0,1000000000000.0,0.0,0.0,0.0,0.0,0.0,0.0,0.0,0.0,0.0,0.0,0.0,0.0,0.45,20.0,10000.0,5.0,0.25,0.0,0.0,0.0,0.0,0.0,0.0,0,0.0,0.2,1000,25,1.0,0.5,constant,0.15,220.0,0.0,0.0,0.0,0.0,0.0,0.0,0.0,0.0,0.0,0.0,0.0,0.0,0.0,0.0,0.0,0.0,0.0,0.0,0.0,0.0,0.0,0.0,0.0,0.0,True,0.5,100.0,continuous,1e-06,False,2.0
1.75,0.051,45.0,1.0,0.4,True,True,True,True,0.0,0.0,0.0,1.0,1.1e-15,0.9,100.0,grain_cache,0.005,1.0,1000000000000.0,0.7977414170149701,5.95,1.8202082009311027,10.699612231045421,524.3,24.413326817863013,0.0,0.0,0.0,4.7354867253869255,231.7,10.804969616850046,0.45,20.0,1000.0,5.0,0.25,0.0,0.0,0.0,0.0,0.0,0.0,0,0.0,0.2,1000,25,1.0,0.5,constant,0.15,10.0,0.6558643954836685,3.65,1.4964871146156007,7.201359462300374,294.9,16.43135641644385,0.0,0.0,0.0,0.0,0.0,0.0,7.3398146972163865,298.55,16.747270005334567,10.822468976016614,530.25,24.693649300771114,0.0,0.0,0.0,0.0,0.0,0.0,True,0.5,100.0,continuous,1e-06,False,2.0
1.75,0.051,45.0,1.0,0.4,True,True,True,True,0.0,0.0,0.0,1.0,1.1e-15,0.9,100.0,grain_cache,0.005,1.0,1000000000000.0,0.0,0.0,0.0,0.0,0.0,0.0,0.0,0.0,0.0,0.0,0.0,0.0,0.45,20.0,10.0,5.0,0.25,0.0,0.0,0.0,0.0,0.0,0.0,0,0.0,0.2,1000,25,1.0,0.5,constant,0.15,30.0,0.0,0.0,0.0,0.0,0.0,0.0,0.0,0.0,0.0,0.0,0.0,0.0,0.0,0.0,0.0,0.0,0.0,0.0,0.0,0.0,0.0,0.0,0.0,0.0,True,0.5,1.0,continuous,1e-06,False,2.0
1.75,0.051,45.0,1.0,0.4,True,True,True,True,0.0,0.0,0.0,1.0,1.1e-15,0.9,100.0,grain_cache,0.005,1.0,1000000000000.0,0.0,0.0,0.0,0.0,0.0,0.0,0.0,0.0,0.0,0.0,0.0,0.0,0.45,20.0,100.0,5.0,0.25,0.0,0.0,0.0,0.0,0.0,0.0,0,0.0,0.2,1000,25,1.0,0.5,constant,0.15,40.0,0.0,0.0,0.0,0.0,0.0,0.0,0.0,0.0,0.0,0.0,0.0,0.0,0.0,0.0,0.0,0.0,0.0,0.0,0.0,0.0,0.0,0.0,0.0,0.0,True,0.5,10.0,continuous,1e-06,False,2.0
1.75,0.051,45.0,1.0,0.4,True,True,True,True,0.0,0.0,0.0,1.0,1.1e-15,0.9,100.0,grain_cache,0.005,1.0,1000000000000.0,0.0,0.0,0.0,0.0,0.0,0.0,0.0,0.0,0.0,0.0,0.0,0.0,0.45,20.0,1000.0,5.0,0.25,0.0,0.0,0.0,0.0,0.0,0.0,0,0.0,0.2,1000,25,1.0,0.5,constant,0.15,50.0,0.0,0.0,0.0,0.0,0.0,0.0,0.0,0.0,0.0,0.0,0.0,0.0,0.0,0.0,0.0,0.0,0.0,0.0,0.0,0.0,0.0,0.0,0.0,0.0,True,0.5,100.0,continuous,1e-06,False,2.0
1.75,0.051,45.0,1.0,0.4,True,True,True,True,0.0,0.0,0.0,1.0,1.1e-15,0.9,100.0,grain_cache,0.005,1.0,1000000000000.0,0.0,0.0,0.0,0.0,0.0,0.0,0.0,0.0,0.0,0.0,0.0,0.0,0.45,20.0,10.0,5.0,0.25,0.0,0.0,0.0,0.0,0.0,0.0,0,0.0,0.2,1000,25,1.0,0.5,constant,0.15,70.0,0.0,0.0,0.0,0.0,0.0,0.0,0.0,0.0,0.0,0.0,0.0,0.0,0.0,0.0,0.0,0.0,0.0,0.0,0.0,0.0,0.0,0.0,0.0,0.0,True,0.5,1.0,continuous,1e-06,False,2.0
1.75,0.051,45.0,1.0,0.4,True,True,True,True,0.0,0.0,0.0,1.0,1.1e-15,0.9,100.0,grain_cache,0.005,1.0,1000000000000.0,0.0,0.0,0.0,0.0,0.0,0.0,0.0,0.0,0.0,0.0,0.0,0.0,0.45,20.0,100.0,5.0,0.25,0.0,0.0,0.0,0.0,0.0,0.0,0,0.0,0.2,1000,25,1.0,0.5,constant,0.15,80.0,0.0,0.0,0.0,0.0,0.0,0.0,0.0,0.0,0.0,0.0,0.0,0.0,0.0,0.0,0.0,0.0,0.0,0.0,0.0,0.0,0.0,0.0,0.0,0.0,True,0.5,10.0,continuous,1e-06,False,2.0
1.75,0.051,45.0,1.0,0.4,True,True,True,True,0.0,0.0,0.0,1.0,1.1e-15,0.9,100.0,grain_cache,0.005,1.0,1000000000000.0,0.0,0.0,0.0,0.0,0.0,0.0,0.0,0.0,0.0,0.0,0.0,0.0,0.45,20.0,1000.0,5.0,0.25,0.0,0.0,0.0,0.0,0.0,0.0,0,0.0,0.2,1000,25,1.0,0.5,constant,0.15,100.0,0.0,0.0,0.0,0.0,0.0,0.0,0.0,0.0,0.0,0.0,0.0,0.0,0.0,0.0,0.0,0.0,0.0,0.0,0.0,0.0,0.0,0.0,0.0,0.0,True,0.5,100.0,continuous,1e-06,False,2.0
1.75,0.051,45.0,1.0,0.4,True,True,True,True,0.0,0.0,0.0,1.0,1.1e-15,0.9,100.0,grain_cache,0.005,1.0,1000000000000.0,0.0,0.0,0.0,0.0,0.0,0.0,0.0,0.0,0.0,0.0,0.0,0.0,0.45,20.0,10.0,5.0,0.25,0.0,0.0,0.0,0.0,0.0,0.0,0,0.0,0.2,1000,25,1.0,0.5,constant,0.15,150.0,0.0,0.0,0.0,0.0,0.0,0.0,0.0,0.0,0.0,0.0,0.0,0.0,0.0,0.0,0.0,0.0,0.0,0.0,0.0,0.0,0.0,0.0,0.0,0.0,True,0.5,1.0,continuous,1e-06,False,2.0
1.75,0.051,45.0,1.0,0.4,True,True,True,True,0.0,0.0,0.0,1.0,1.1e-15,0.9,100.0,grain_cache,0.005,1.0,1000000000000.0,0.0,0.0,0.0,0.0,0.0,0.0,0.0,0.0,0.0,0.0,0.0,0.0,0.45,20.0,100.0,5.0,0.25,0.0,0.0,0.0,0.0,0.0,0.0,0,0.0,0.2,1000,25,1.0,0.5,constant,0.15,180.0,0.0,0.0,0.0,0.0,0.0,0.0,0.0,0.0,0.0,0.0,0.0,0.0,0.0,0.0,0.0,0.0,0.0,0.0,0.0,0.0,0.0,0.0,0.0,0.0,True,0.5,10.0,continuous,1e-06,False,2.0
1.75,0.051,45.0,1.0,0.4,True,True,True,True,0.0,0.0,0.0,1.0,1.1e-15,0.9,100.0,grain_cache,0.005,1.0,1000000000000.0,0.0,0.0,0.0,0.0,0.0,0.0,0.0,0.0,0.0,0.0,0.0,0.0,0.45,20.0,1000.0,5.0,0.25,0.0,0.0,0.0,0.0,0.0,0.0,0,0.0,0.2,1000,25,1.0,0.5,constant,0.15,200.0,0.0,0.0,0.0,0.0,0.0,0.0,0.0,0.0,0.0,0.0,0.0,0.0,0.0,0.0,0.0,0.0,0.0,0.0,0.0,0.0,0.0,0.0,0.0,0.0,True,0.5,100.0,continuous,1e-06,False,2.0
1.75,0.051,45.0,1.0,0.4,True,True,True,True,0.0,0.0,0.0,1.0,1.1e-15,0.9,100.0,grain_cache,0.005,1.0,1000000000000.0,0.0,0.0,0.0,0.0,0.0,0.0,0.0,0.0,0.0,0.0,0.0,0.0,0.45,20.0,10.0,5.0,0.25,0.0,0.0,0.0,0.0,0.0,0.0,0,0.0,0.2,1000,25,1.0,0.5,constant,0.15,250.0,0.0,0.0,0.0,0.0,0.0,0.0,0.0,0.0,0.0,0.0,0.0,0.0,0.0,0.0,0.0,0.0,0.0,0.0,0.0,0.0,0.0,0.0,0.0,0.0,True,0.5,1.0,continuous,1e-06,False,2.0
1.75,0.051,45.0,1.0,0.4,True,True,True,True,0.0,0.0,0.0,1.0,1.1e-15,0.9,100.0,grain_cache,0.005,1.0,1000000000000.0,2.129461063521151,24.35,4.858795605583971,54.89500650092722,892.05,125.25404710343484,0.0,0.0,0.0,20.832465473011364,383.2,47.53347850670482,0.45,20.0,10000.0,5.0,0.25,0.0,0.0,0.0,0.0,0.0,0.0,0,0.0,0.2,1000,25,1.0,0.5,constant,0.15,10.0,1.5439604576338222,14.1,3.5228576916743988,35.502491998524036,519.1,81.00610763198175,0.0,0.0,0.0,0.0,0.0,0.0,36.52171778977256,533.2,83.33167717652533,56.57319085369342,916.4,129.0831637274774,0.0,0.0,0.0,0.0,0.0,0.0,True,0.5,1.0,continuous,1e-06,False,2.0
1.75,0.051,45.0,1.0,0.4,True,True,True,True,0.0,0.0,0.0,1.0,1.1e-15,0.9,100.0,grain_cache,0.005,1.0,1000000000000.0,0.0,0.0,0.0,0.0,0.0,0.0,0.0,0.0,0.0,0.0,0.0,0.0,0.45,20.0,10.0,5.0,0.25,0.0,0.0,0.0,0.0,0.0,0.0,0,0.0,0.2,1000,25,1.0,0.5,constant,0.15,30.0,0.0,0.0,0.0,0.0,0.0,0.0,0.0,0.0,0.0,0.0,0.0,0.0,0.0,0.0,0.0,0.0,0.0,0.0,0.0,0.0,0.0,0.0,0.0,0.0,True,0.5,10.0,continuous,1e-06,False,2.0
1.75,0.051,45.0,1.0,0.4,True,True,True,True,0.0,0.0,0.0,1.0,1.1e-15,0.9,100.0,grain_cache,0.005,1.0,1000000000000.0,0.0,0.0,0.0,0.0,0.0,0.0,0.0,0.0,0.0,0.0,0.0,0.0,0.45,20.0,100.0,5.0,0.25,0.0,0.0,0.0,0.0,0.0,0.0,0,0.0,0.2,1000,25,1.0,0.5,constant,0.15,40.0,0.0,0.0,0.0,0.0,0.0,0.0,0.0,0.0,0.0,0.0,0.0,0.0,0.0,0.0,0.0,0.0,0.0,0.0,0.0,0.0,0.0,0.0,0.0,0.0,True,0.5,100.0,continuous,1e-06,False,2.0
1.75,0.051,45.0,1.0,0.4,True,True,True,True,0.0,0.0,0.0,1.0,1.1e-15,0.9,100.0,grain_cache,0.005,1.0,1000000000000.0,0.0,0.0,0.0,0.0,0.0,0.0,0.0,0.0,0.0,0.0,0.0,0.0,0.45,20.0,10000.0,5.0,0.25,0.0,0.0,0.0,0.0,0.0,0.0,0,0.0,0.2,1000,25,1.0,0.5,constant,0.15,50.0,0.0,0.0,0.0,0.0,0.0,0.0,0.0,0.0,0.0,0.0,0.0,0.0,0.0,0.0,0.0,0.0,0.0,0.0,0.0,0.0,0.0,0.0,0.0,0.0,True,0.5,1.0,continuous,1e-06,False,2.0
1.75,0.051,45.0,1.0,0.4,True,True,True,True,0.0,0.0,0.0,1.0,1.1e-15,0.9,100.0,grain_cache,0.005,1.0,1000000000000.0,0.0,0.0,0.0,0.0,0.0,0.0,0.0,0.0,0.0,0.0,0.0,0.0,0.45,20.0,10.0,5.0,0.25,0.0,0.0,0.0,0.0,0.0,0.0,0,0.0,0.2,1000,25,1.0,0.5,constant,0.15,70.0,0.0,0.0,0.0,0.0,0.0,0.0,0.0,0.0,0.0,0.0,0.0,0.0,0.0,0.0,0.0,0.0,0.0,0.0,0.0,0.0,0.0,0.0,0.0,0.0,True,0.5,10.0,continuous,1e-06,False,2.0
1.75,0.051,45.0,1.0,0.4,True,True,True,True,0.0,0.0,0.0,1.0,1.1e-15,0.9,100.0,grain_cache,0.005,1.0,1000000000000.0,0.0,0.0,0.0,0.0,0.0,0.0,0.0,0.0,0.0,0.0,0.0,0.0,0.45,20.0,100.0,5.0,0.25,0.0,0.0,0.0,0.0,0.0,0.0,0,0.0,0.2,1000,25,1.0,0.5,constant,0.15,80.0,0.0,0.0,0.0,0.0,0.0,0.0,0.0,0.0,0.0,0.0,0.0,0.0,0.0,0.0,0.0,0.0,0.0,0.0,0.0,0.0,0.0,0.0,0.0,0.0,True,0.5,100.0,continuous,1e-06,False,2.0
1.75,0.051,45.0,1.0,0.4,True,True,True,True,0.0,0.0,0.0,1.0,1.1e-15,0.9,100.0,grain_cache,0.005,1.0,1000000000000.0,0.0,0.0,0.0,0.0,0.0,0.0,0.0,0.0,0.0,0.0,0.0,0.0,0.45,20.0,10000.0,5.0,0.25,0.0,0.0,0.0,0.0,0.0,0.0,0,0.0,0.2,1000,25,1.0,0.5,constant,0.15,100.0,0.0,0.0,0.0,0.0,0.0,0.0,0.0,0.0,0.0,0.0,0.0,0.0,0.0,0.0,0.0,0.0,0.0,0.0,0.0,0.0,0.0,0.0,0.0,0.0,True,0.5,1.0,continuous,1e-06,False,2.0
1.75,0.051,45.0,1.0,0.4,True,True,True,True,0.0,0.0,0.0,1.0,1.1e-15,0.9,100.0,grain_cache,0.005,1.0,1000000000000.0,0.0,0.0,0.0,0.0,0.0,0.0,0.0,0.0,0.0,0.0,0.0,0.0,0.45,20.0,10.0,5.0,0.25,0.0,0.0,0.0,0.0,0.0,0.0,0,0.0,0.2,1000,25,1.0,0.5,constant,0.15,150.0,0.0,0.0,0.0,0.0,0.0,0.0,0.0,0.0,0.0,0.0,0.0,0.0,0.0,0.0,0.0,0.0,0.0,0.0,0.0,0.0,0.0,0.0,0.0,0.0,True,0.5,10.0,continuous,1e-06,False,2.0
1.75,0.051,45.0,1.0,0.4,True,True,True,True,0.0,0.0,0.0,1.0,1.1e-15,0.9,100.0,grain_cache,0.005,1.0,1000000000000.0,0.0,0.0,0.0,0.0,0.0,0.0,0.0,0.0,0.0,0.0,0.0,0.0,0.45,20.0,100.0,5.0,0.25,0.0,0.0,0.0,0.0,0.0,0.0,0,0.0,0.2,1000,25,1.0,0.5,constant,0.15,180.0,0.0,0.0,0.0,0.0,0.0,0.0,0.0,0.0,0.0,0.0,0.0,0.0,0.0,0.0,0.0,0.0,0.0,0.0,0.0,0.0,0.0,0.0,0.0,0.0,True,0.5,100.0,continuous,1e-06,False,2.0
1.75,0.051,45.0,1.0,0.4,True,True,True,True,0.0,0.0,0.0,1.0,1.1e-15,0.9,100.0,grain_cache,0.005,1.0,1000000000000.0,0.0,0.0,0.0,0.0,0.0,0.0,0.0,0.0,0.0,0.0,0.0,0.0,0.45,20.0,10000.0,5.0,0.25,0.0,0.0,0.0,0.0,0.0,0.0,0,0.0,0.2,1000,25,1.0,0.5,constant,0.15,200.0,0.0,0.0,0.0,0.0,0.0,0.0,0.0,0.0,0.0,0.0,0.0,0.0,0.0,0.0,0.0,0.0,0.0,0.0,0.0,0.0,0.0,0.0,0.0,0.0,True,0.5,1.0,continuous,1e-06,False,2.0
1.75,0.051,45.0,1.0,0.4,True,True,True,True,0.0,0.0,0.0,1.0,1.1e-15,0.9,100.0,grain_cache,0.005,1.0,1000000000000.0,0.0,0.0,0.0,0.0,0.0,0.0,0.0,0.0,0.0,0.0,0.0,0.0,0.45,20.0,10.0,5.0,0.25,0.0,0.0,0.0,0.0,0.0,0.0,0,0.0,0.2,1000,25,1.0,0.5,constant,0.15,250.0,0.0,0.0,0.0,0.0,0.0,0.0,0.0,0.0,0.0,0.0,0.0,0.0,0.0,0.0,0.0,0.0,0.0,0.0,0.0,0.0,0.0,0.0,0.0,0.0,True,0.5,10.0,continuous,1e-06,False,2.0
1.75,0.051,45.0,1.0,0.4,True,True,True,True,0.0,0.0,0.0,1.0,1.1e-15,0.9,100.0,grain_cache,0.005,1.0,1000000000000.0,1.980524119891925,25.0,4.518965880771723,51.4343028686007,904.0,117.35775264235063,0.0,0.0,0.0,19.803850189187695,388.35,45.186484938005876,0.45,20.0,10000.0,5.0,0.25,0.0,0.0,0.0,0.0,0.0,0.0,0,0.0,0.2,1000,25,1.0,0.5,constant,0.15,10.0,1.4528792466213971,14.6,3.3150375087184956,32.949445867075944,526.05,75.18081712217482,0.0,0.0,0.0,0.0,0.0,0.0,33.87016675483012,540.65,77.28162782964655,52.912358122703836,929.0,120.73023429814178,0.0,0.0,0.0,0.0,0.0,0.0,True,0.5,10.0,continuous,1e-06,False,2.0
1.75,0.051,45.0,1.0,0.4,True,True,True,True,0.0,0.0,0.0,1.0,1.1e-15,0.9,100.0,grain_cache,0.005,1.0,1000000000000.0,0.0,0.0,0.0,0.0,0.0,0.0,0.0,0.0,0.0,0.0,0.0,0.0,0.45,20.0,10.0,5.0,0.25,0.0,0.0,0.0,0.0,0.0,0.0,0,0.0,0.2,1000,25,1.0,0.5,constant,0.15,30.0,0.0,0.0,0.0,0.0,0.0,0.0,0.0,0.0,0.0,0.0,0.0,0.0,0.0,0.0,0.0,0.0,0.0,0.0,0.0,0.0,0.0,0.0,0.0,0.0,True,0.5,100.0,continuous,1e-06,False,2.0
1.75,0.051,45.0,1.0,0.4,True,True,True,True,0.0,0.0,0.0,1.0,1.1e-15,0.9,100.0,grain_cache,0.005,1.0,1000000000000.0,0.0,0.0,0.0,0.0,0.0,0.0,0.0,0.0,0.0,0.0,0.0,0.0,0.45,20.0,1000.0,5.0,0.25,0.0,0.0,0.0,0.0,0.0,0.0,0,0.0,0.2,1000,25,1.0,0.5,constant,0.15,40.0,0.0,0.0,0.0,0.0,0.0,0.0,0.0,0.0,0.0,0.0,0.0,0.0,0.0,0.0,0.0,0.0,0.0,0.0,0.0,0.0,0.0,0.0,0.0,0.0,True,0.5,1.0,continuous,1e-06,False,2.0
1.75,0.051,45.0,1.0,0.4,True,True,True,True,0.0,0.0,0.0,1.0,1.1e-15,0.9,100.0,grain_cache,0.005,1.0,1000000000000.0,0.0,0.0,0.0,0.0,0.0,0.0,0.0,0.0,0.0,0.0,0.0,0.0,0.45,20.0,10000.0,5.0,0.25,0.0,0.0,0.0,0.0,0.0,0.0,0,0.0,0.2,1000,25,1.0,0.5,constant,0.15,50.0,0.0,0.0,0.0,0.0,0.0,0.0,0.0,0.0,0.0,0.0,0.0,0.0,0.0,0.0,0.0,0.0,0.0,0.0,0.0,0.0,0.0,0.0,0.0,0.0,True,0.5,10.0,continuous,1e-06,False,2.0
1.75,0.051,45.0,1.0,0.4,True,True,True,True,0.0,0.0,0.0,1.0,1.1e-15,0.9,100.0,grain_cache,0.005,1.0,1000000000000.0,0.0,0.0,0.0,0.0,0.0,0.0,0.0,0.0,0.0,0.0,0.0,0.0,0.45,20.0,10.0,5.0,0.25,0.0,0.0,0.0,0.0,0.0,0.0,0,0.0,0.2,1000,25,1.0,0.5,constant,0.15,70.0,0.0,0.0,0.0,0.0,0.0,0.0,0.0,0.0,0.0,0.0,0.0,0.0,0.0,0.0,0.0,0.0,0.0,0.0,0.0,0.0,0.0,0.0,0.0,0.0,True,0.5,100.0,continuous,1e-06,False,2.0
1.75,0.051,45.0,1.0,0.4,True,True,True,True,0.0,0.0,0.0,1.0,1.1e-15,0.9,100.0,grain_cache,0.005,1.0,1000000000000.0,0.0,0.0,0.0,0.0,0.0,0.0,0.0,0.0,0.0,0.0,0.0,0.0,0.45,20.0,1000.0,5.0,0.25,0.0,0.0,0.0,0.0,0.0,0.0,0,0.0,0.2,1000,25,1.0,0.5,constant,0.15,80.0,0.0,0.0,0.0,0.0,0.0,0.0,0.0,0.0,0.0,0.0,0.0,0.0,0.0,0.0,0.0,0.0,0.0,0.0,0.0,0.0,0.0,0.0,0.0,0.0,True,0.5,1.0,continuous,1e-06,False,2.0
1.75,0.051,45.0,1.0,0.4,True,True,True,True,0.0,0.0,0.0,1.0,1.1e-15,0.9,100.0,grain_cache,0.005,1.0,1000000000000.0,0.0,0.0,0.0,0.0,0.0,0.0,0.0,0.0,0.0,0.0,0.0,0.0,0.45,20.0,10000.0,5.0,0.25,0.0,0.0,0.0,0.0,0.0,0.0,0,0.0,0.2,1000,25,1.0,0.5,constant,0.15,100.0,0.0,0.0,0.0,0.0,0.0,0.0,0.0,0.0,0.0,0.0,0.0,0.0,0.0,0.0,0.0,0.0,0.0,0.0,0.0,0.0,0.0,0.0,0.0,0.0,True,0.5,10.0,continuous,1e-06,False,2.0
1.75,0.051,45.0,1.0,0.4,True,True,True,True,0.0,0.0,0.0,1.0,1.1e-15,0.9,100.0,grain_cache,0.005,1.0,1000000000000.0,0.0,0.0,0.0,0.0,0.0,0.0,0.0,0.0,0.0,0.0,0.0,0.0,0.45,20.0,10.0,5.0,0.25,0.0,0.0,0.0,0.0,0.0,0.0,0,0.0,0.2,1000,25,1.0,0.5,constant,0.15,150.0,0.0,0.0,0.0,0.0,0.0,0.0,0.0,0.0,0.0,0.0,0.0,0.0,0.0,0.0,0.0,0.0,0.0,0.0,0.0,0.0,0.0,0.0,0.0,0.0,True,0.5,100.0,continuous,1e-06,False,2.0
1.75,0.051,45.0,1.0,0.4,True,True,True,True,0.0,0.0,0.0,1.0,1.1e-15,0.9,100.0,grain_cache,0.005,1.0,1000000000000.0,0.0,0.0,0.0,0.0,0.0,0.0,0.0,0.0,0.0,0.0,0.0,0.0,0.45,20.0,1000.0,5.0,0.25,0.0,0.0,0.0,0.0,0.0,0.0,0,0.0,0.2,1000,25,1.0,0.5,constant,0.15,180.0,0.0,0.0,0.0,0.0,0.0,0.0,0.0,0.0,0.0,0.0,0.0,0.0,0.0,0.0,0.0,0.0,0.0,0.0,0.0,0.0,0.0,0.0,0.0,0.0,True,0.5,1.0,continuous,1e-06,False,2.0
1.75,0.051,45.0,1.0,0.4,True,True,True,True,0.0,0.0,0.0,1.0,1.1e-15,0.9,100.0,grain_cache,0.005,1.0,1000000000000.0,0.0,0.0,0.0,0.0,0.0,0.0,0.0,0.0,0.0,0.0,0.0,0.0,0.45,20.0,10000.0,5.0,0.25,0.0,0.0,0.0,0.0,0.0,0.0,0,0.0,0.2,1000,25,1.0,0.5,constant,0.15,200.0,0.0,0.0,0.0,0.0,0.0,0.0,0.0,0.0,0.0,0.0,0.0,0.0,0.0,0.0,0.0,0.0,0.0,0.0,0.0,0.0,0.0,0.0,0.0,0.0,True,0.5,10.0,continuous,1e-06,False,2.0
1.75,0.051,45.0,1.0,0.4,True,True,True,True,0.0,0.0,0.0,1.0,1.1e-15,0.9,100.0,grain_cache,0.005,1.0,1000000000000.0,0.0,0.0,0.0,0.0,0.0,0.0,0.0,0.0,0.0,0.0,0.0,0.0,0.45,20.0,10.0,5.0,0.25,0.0,0.0,0.0,0.0,0.0,0.0,0,0.0,0.2,1000,25,1.0,0.5,constant,0.15,250.0,0.0,0.0,0.0,0.0,0.0,0.0,0.0,0.0,0.0,0.0,0.0,0.0,0.0,0.0,0.0,0.0,0.0,0.0,0.0,0.0,0.0,0.0,0.0,0.0,True,0.5,100.0,continuous,1e-06,False,2.0
1.75,0.051,45.0,1.0,0.4,True,True,True,True,0.0,0.0,0.0,1.0,1.1e-15,0.9,100.0,grain_cache,0.005,1.0,1000000000000.0,2.7758675836763653,27.3,6.333702666977999,44.64234741045535,938.1,101.860534168306,0.0,0.0,0.0,16.248039752212378,402.0,37.07318508884257,0.45,20.0,10000.0,5.0,0.25,0.0,0.0,0.0,0.0,0.0,0.0,0,0.0,0.2,1000,25,1.0,0.5,constant,0.15,10.0,1.9354755161675932,15.85,4.416178390752277,30.329368844839415,547.55,69.20258209359716,0.0,0.0,0.0,0.0,0.0,0.0,31.16773032953694,563.4,71.11547318492502,46.10100347349456,965.4,105.1887526507018,0.0,0.0,0.0,0.0,0.0,0.0,True,0.5,100.0,continuous,1e-06,False,2.0
1.75,0.051,45.0,1.0,0.4,True,True,True,True,0.0,0.0,0.0,1.0,1.1e-15,0.9,100.0,grain_cache,0.005,1.0,1000000000000.0,0.0,0.0,0.0,0.0,0.0,0.0,0.0,0.0,0.0,0.0,0.0,0.0,0.45,20.0,100.0,5.0,0.25,0.0,0.0,0.0,0.0,0.0,0.0,0,0.0,0.2,1000,25,1.0,0.5,constant,0.15,30.0,0.0,0.0,0.0,0.0,0.0,0.0,0.0,0.0,0.0,0.0,0.0,0.0,0.0,0.0,0.0,0.0,0.0,0.0,0.0,0.0,0.0,0.0,0.0,0.0,True,0.5,1.0,continuous,1e-06,False,2.0
1.75,0.051,45.0,1.0,0.4,True,True,True,True,0.0,0.0,0.0,1.0,1.1e-15,0.9,100.0,grain_cache,0.005,1.0,1000000000000.0,0.0,0.0,0.0,0.0,0.0,0.0,0.0,0.0,0.0,0.0,0.0,0.0,0.45,20.0,1000.0,5.0,0.25,0.0,0.0,0.0,0.0,0.0,0.0,0,0.0,0.2,1000,25,1.0,0.5,constant,0.15,40.0,0.0,0.0,0.0,0.0,0.0,0.0,0.0,0.0,0.0,0.0,0.0,0.0,0.0,0.0,0.0,0.0,0.0,0.0,0.0,0.0,0.0,0.0,0.0,0.0,True,0.5,10.0,continuous,1e-06,False,2.0
1.75,0.051,45.0,1.0,0.4,True,True,True,True,0.0,0.0,0.0,1.0,1.1e-15,0.9,100.0,grain_cache,0.005,1.0,1000000000000.0,0.0,0.0,0.0,0.0,0.0,0.0,0.0,0.0,0.0,0.0,0.0,0.0,0.45,20.0,10000.0,5.0,0.25,0.0,0.0,0.0,0.0,0.0,0.0,0,0.0,0.2,1000,25,1.0,0.5,constant,0.15,50.0,0.0,0.0,0.0,0.0,0.0,0.0,0.0,0.0,0.0,0.0,0.0,0.0,0.0,0.0,0.0,0.0,0.0,0.0,0.0,0.0,0.0,0.0,0.0,0.0,True,0.5,100.0,continuous,1e-06,False,2.0
1.75,0.051,45.0,1.0,0.4,True,True,True,True,0.0,0.0,0.0,1.0,1.1e-15,0.9,100.0,grain_cache,0.005,1.0,1000000000000.0,0.0,0.0,0.0,0.0,0.0,0.0,0.0,0.0,0.0,0.0,0.0,0.0,0.45,20.0,100.0,5.0,0.25,0.0,0.0,0.0,0.0,0.0,0.0,0,0.0,0.2,1000,25,1.0,0.5,constant,0.15,70.0,0.0,0.0,0.0,0.0,0.0,0.0,0.0,0.0,0.0,0.0,0.0,0.0,0.0,0.0,0.0,0.0,0.0,0.0,0.0,0.0,0.0,0.0,0.0,0.0,True,0.5,1.0,continuous,1e-06,False,2.0
1.75,0.051,45.0,1.0,0.4,True,True,True,True,0.0,0.0,0.0,1.0,1.1e-15,0.9,100.0,grain_cache,0.005,1.0,1000000000000.0,0.0,0.0,0.0,0.0,0.0,0.0,0.0,0.0,0.0,0.0,0.0,0.0,0.45,20.0,1000.0,5.0,0.25,0.0,0.0,0.0,0.0,0.0,0.0,0,0.0,0.2,1000,25,1.0,0.5,constant,0.15,80.0,0.0,0.0,0.0,0.0,0.0,0.0,0.0,0.0,0.0,0.0,0.0,0.0,0.0,0.0,0.0,0.0,0.0,0.0,0.0,0.0,0.0,0.0,0.0,0.0,True,0.5,10.0,continuous,1e-06,False,2.0
1.75,0.051,45.0,1.0,0.4,True,True,True,True,0.0,0.0,0.0,1.0,1.1e-15,0.9,100.0,grain_cache,0.005,1.0,1000000000000.0,0.0,0.0,0.0,0.0,0.0,0.0,0.0,0.0,0.0,0.0,0.0,0.0,0.45,20.0,10000.0,5.0,0.25,0.0,0.0,0.0,0.0,0.0,0.0,0,0.0,0.2,1000,25,1.0,0.5,constant,0.15,100.0,0.0,0.0,0.0,0.0,0.0,0.0,0.0,0.0,0.0,0.0,0.0,0.0,0.0,0.0,0.0,0.0,0.0,0.0,0.0,0.0,0.0,0.0,0.0,0.0,True,0.5,100.0,continuous,1e-06,False,2.0
1.75,0.051,45.0,1.0,0.4,True,True,True,True,0.0,0.0,0.0,1.0,1.1e-15,0.9,100.0,grain_cache,0.005,1.0,1000000000000.0,0.0,0.0,0.0,0.0,0.0,0.0,0.0,0.0,0.0,0.0,0.0,0.0,0.45,20.0,100.0,5.0,0.25,0.0,0.0,0.0,0.0,0.0,0.0,0,0.0,0.2,1000,25,1.0,0.5,constant,0.15,150.0,0.0,0.0,0.0,0.0,0.0,0.0,0.0,0.0,0.0,0.0,0.0,0.0,0.0,0.0,0.0,0.0,0.0,0.0,0.0,0.0,0.0,0.0,0.0,0.0,True,0.5,1.0,continuous,1e-06,False,2.0
1.75,0.051,45.0,1.0,0.4,True,True,True,True,0.0,0.0,0.0,1.0,1.1e-15,0.9,100.0,grain_cache,0.005,1.0,1000000000000.0,0.0,0.0,0.0,0.0,0.0,0.0,0.0,0.0,0.0,0.0,0.0,0.0,0.45,20.0,1000.0,5.0,0.25,0.0,0.0,0.0,0.0,0.0,0.0,0,0.0,0.2,1000,25,1.0,0.5,constant,0.15,180.0,0.0,0.0,0.0,0.0,0.0,0.0,0.0,0.0,0.0,0.0,0.0,0.0,0.0,0.0,0.0,0.0,0.0,0.0,0.0,0.0,0.0,0.0,0.0,0.0,True,0.5,10.0,continuous,1e-06,False,2.0
1.75,0.051,45.0,1.0,0.4,True,True,True,True,0.0,0.0,0.0,1.0,1.1e-15,0.9,100.0,grain_cache,0.005,1.0,1000000000000.0,0.0,0.0,0.0,0.0,0.0,0.0,0.0,0.0,0.0,0.0,0.0,0.0,0.45,20.0,10000.0,5.0,0.25,0.0,0.0,0.0,0.0,0.0,0.0,0,0.0,0.2,1000,25,1.0,0.5,constant,0.15,200.0,0.0,0.0,0.0,0.0,0.0,0.0,0.0,0.0,0.0,0.0,0.0,0.0,0.0,0.0,0.0,0.0,0.0,0.0,0.0,0.0,0.0,0.0,0.0,0.0,True,0.5,100.0,continuous,1e-06,False,2.0
1.75,0.051,45.0,1.0,0.4,True,True,True,True,0.0,0.0,0.0,1.0,1.1e-15,0.9,100.0,grain_cache,0.005,1.0,1000000000000.0,0.0,0.0,0.0,0.0,0.0,0.0,0.0,0.0,0.0,0.0,0.0,0.0,0.45,20.0,100.0,5.0,0.25,0.0,0.0,0.0,0.0,0.0,0.0,0,0.0,0.2,1000,25,1.0,0.5,constant,0.15,250.0,0.0,0.0,0.0,0.0,0.0,0.0,0.0,0.0,0.0,0.0,0.0,0.0,0.0,0.0,0.0,0.0,0.0,0.0,0.0,0.0,0.0,0.0,0.0,0.0,True,0.5,1.0,continuous,1e-06,False,2.0
1.75,0.051,45.0,1.0,0.4,True,True,True,True,0.0,0.0,0.0,1.0,1.1e-15,0.9,100.0,grain_cache,0.005,1.0,1000000000000.0,0.0,0.0,0.0,0.0,0.0,0.0,0.0,0.0,0.0,0.0,0.0,0.0,0.45,20.0,10.0,5.0,0.25,0.0,0.0,0.0,0.0,0.0,0.0,0,0.0,0.2,1000,25,1.0,0.5,constant,0.15,20.0,0.0,0.0,0.0,0.0,0.0,0.0,0.0,0.0,0.0,0.0,0.0,0.0,0.0,0.0,0.0,0.0,0.0,0.0,0.0,0.0,0.0,0.0,0.0,0.0,True,0.5,1.0,continuous,1e-06,False,2.0
1.75,0.051,45.0,1.0,0.4,True,True,True,True,0.0,0.0,0.0,1.0,1.1e-15,0.9,100.0,grain_cache,0.005,1.0,1000000000000.0,0.0,0.0,0.0,0.0,0.0,0.0,0.0,0.0,0.0,0.0,0.0,0.0,0.45,20.0,100.0,5.0,0.25,0.0,0.0,0.0,0.0,0.0,0.0,0,0.0,0.2,1000,25,1.0,0.5,constant,0.15,30.0,0.0,0.0,0.0,0.0,0.0,0.0,0.0,0.0,0.0,0.0,0.0,0.0,0.0,0.0,0.0,0.0,0.0,0.0,0.0,0.0,0.0,0.0,0.0,0.0,True,0.5,10.0,continuous,1e-06,False,2.0
1.75,0.051,45.0,1.0,0.4,True,True,True,True,0.0,0.0,0.0,1.0,1.1e-15,0.9,100.0,grain_cache,0.005,1.0,1000000000000.0,0.0,0.0,0.0,0.0,0.0,0.0,0.0,0.0,0.0,0.0,0.0,0.0,0.45,20.0,1000.0,5.0,0.25,0.0,0.0,0.0,0.0,0.0,0.0,0,0.0,0.2,1000,25,1.0,0.5,constant,0.15,40.0,0.0,0.0,0.0,0.0,0.0,0.0,0.0,0.0,0.0,0.0,0.0,0.0,0.0,0.0,0.0,0.0,0.0,0.0,0.0,0.0,0.0,0.0,0.0,0.0,True,0.5,100.0,continuous,1e-06,False,2.0
1.75,0.051,45.0,1.0,0.4,True,True,True,True,0.0,0.0,0.0,1.0,1.1e-15,0.9,100.0,grain_cache,0.005,1.0,1000000000000.0,0.0,0.0,0.0,0.0,0.0,0.0,0.0,0.0,0.0,0.0,0.0,0.0,0.45,20.0,10.0,5.0,0.25,0.0,0.0,0.0,0.0,0.0,0.0,0,0.0,0.2,1000,25,1.0,0.5,constant,0.15,60.0,0.0,0.0,0.0,0.0,0.0,0.0,0.0,0.0,0.0,0.0,0.0,0.0,0.0,0.0,0.0,0.0,0.0,0.0,0.0,0.0,0.0,0.0,0.0,0.0,True,0.5,1.0,continuous,1e-06,False,2.0
1.75,0.051,45.0,1.0,0.4,True,True,True,True,0.0,0.0,0.0,1.0,1.1e-15,0.9,100.0,grain_cache,0.005,1.0,1000000000000.0,0.0,0.0,0.0,0.0,0.0,0.0,0.0,0.0,0.0,0.0,0.0,0.0,0.45,20.0,100.0,5.0,0.25,0.0,0.0,0.0,0.0,0.0,0.0,0,0.0,0.2,1000,25,1.0,0.5,constant,0.15,70.0,0.0,0.0,0.0,0.0,0.0,0.0,0.0,0.0,0.0,0.0,0.0,0.0,0.0,0.0,0.0,0.0,0.0,0.0,0.0,0.0,0.0,0.0,0.0,0.0,True,0.5,10.0,continuous,1e-06,False,2.0
1.75,0.051,45.0,1.0,0.4,True,True,True,True,0.0,0.0,0.0,1.0,1.1e-15,0.9,100.0,grain_cache,0.005,1.0,1000000000000.0,0.0,0.0,0.0,0.0,0.0,0.0,0.0,0.0,0.0,0.0,0.0,0.0,0.45,20.0,1000.0,5.0,0.25,0.0,0.0,0.0,0.0,0.0,0.0,0,0.0,0.2,1000,25,1.0,0.5,constant,0.15,80.0,0.0,0.0,0.0,0.0,0.0,0.0,0.0,0.0,0.0,0.0,0.0,0.0,0.0,0.0,0.0,0.0,0.0,0.0,0.0,0.0,0.0,0.0,0.0,0.0,True,0.5,100.0,continuous,1e-06,False,2.0
1.75,0.051,45.0,1.0,0.4,True,True,True,True,0.0,0.0,0.0,1.0,1.1e-15,0.9,100.0,grain_cache,0.005,1.0,1000000000000.0,0.0,0.0,0.0,0.0,0.0,0.0,0.0,0.0,0.0,0.0,0.0,0.0,0.45,20.0,10.0,5.0,0.25,0.0,0.0,0.0,0.0,0.0,0.0,0,0.0,0.2,1000,25,1.0,0.5,constant,0.15,120.0,0.0,0.0,0.0,0.0,0.0,0.0,0.0,0.0,0.0,0.0,0.0,0.0,0.0,0.0,0.0,0.0,0.0,0.0,0.0,0.0,0.0,0.0,0.0,0.0,True,0.5,1.0,continuous,1e-06,False,2.0
1.75,0.051,45.0,1.0,0.4,True,True,True,True,0.0,0.0,0.0,1.0,1.1e-15,0.9,100.0,grain_cache,0.005,1.0,1000000000000.0,0.0,0.0,0.0,0.0,0.0,0.0,0.0,0.0,0.0,0.0,0.0,0.0,0.45,20.0,100.0,5.0,0.25,0.0,0.0,0.0,0.0,0.0,0.0,0,0.0,0.2,1000,25,1.0,0.5,constant,0.15,150.0,0.0,0.0,0.0,0.0,0.0,0.0,0.0,0.0,0.0,0.0,0.0,0.0,0.0,0.0,0.0,0.0,0.0,0.0,0.0,0.0,0.0,0.0,0.0,0.0,True,0.5,10.0,continuous,1e-06,False,2.0
1.75,0.051,45.0,1.0,0.4,True,True,True,True,0.0,0.0,0.0,1.0,1.1e-15,0.9,100.0,grain_cache,0.005,1.0,1000000000000.0,0.0,0.0,0.0,0.0,0.0,0.0,0.0,0.0,0.0,0.0,0.0,0.0,0.45,20.0,1000.0,5.0,0.25,0.0,0.0,0.0,0.0,0.0,0.0,0,0.0,0.2,1000,25,1.0,0.5,constant,0.15,180.0,0.0,0.0,0.0,0.0,0.0,0.0,0.0,0.0,0.0,0.0,0.0,0.0,0.0,0.0,0.0,0.0,0.0,0.0,0.0,0.0,0.0,0.0,0.0,0.0,True,0.5,100.0,continuous,1e-06,False,2.0
1.75,0.051,45.0,1.0,0.4,True,True,True,True,0.0,0.0,0.0,1.0,1.1e-15,0.9,100.0,grain_cache,0.005,1.0,1000000000000.0,0.0,0.0,0.0,0.0,0.0,0.0,0.0,0.0,0.0,0.0,0.0,0.0,0.45,20.0,10.0,5.0,0.25,0.0,0.0,0.0,0.0,0.0,0.0,0,0.0,0.2,1000,25,1.0,0.5,constant,0.15,220.0,0.0,0.0,0.0,0.0,0.0,0.0,0.0,0.0,0.0,0.0,0.0,0.0,0.0,0.0,0.0,0.0,0.0,0.0,0.0,0.0,0.0,0.0,0.0,0.0,True,0.5,1.0,continuous,1e-06,False,2.0
1.75,0.051,45.0,1.0,0.4,True,True,True,True,0.0,0.0,0.0,1.0,1.1e-15,0.9,100.0,grain_cache,0.005,1.0,1000000000000.0,0.0,0.0,0.0,0.0,0.0,0.0,0.0,0.0,0.0,0.0,0.0,0.0,0.45,20.0,100.0,5.0,0.25,0.0,0.0,0.0,0.0,0.0,0.0,0,0.0,0.2,1000,25,1.0,0.5,constant,0.15,250.0,0.0,0.0,0.0,0.0,0.0,0.0,0.0,0.0,0.0,0.0,0.0,0.0,0.0,0.0,0.0,0.0,0.0,0.0,0.0,0.0,0.0,0.0,0.0,0.0,True,0.5,10.0,continuous,1e-06,False,2.0
1.75,0.051,45.0,1.0,0.4,True,True,True,True,0.0,0.0,0.0,1.0,1.1e-15,0.9,100.0,grain_cache,0.005,1.0,1000000000000.0,0.0,0.0,0.0,0.0,0.0,0.0,0.0,0.0,0.0,0.0,0.0,0.0,0.45,20.0,10.0,5.0,0.25,0.0,0.0,0.0,0.0,0.0,0.0,0,0.0,0.2,1000,25,1.0,0.5,constant,0.15,20.0,0.0,0.0,0.0,0.0,0.0,0.0,0.0,0.0,0.0,0.0,0.0,0.0,0.0,0.0,0.0,0.0,0.0,0.0,0.0,0.0,0.0,0.0,0.0,0.0,True,0.5,10.0,continuous,1e-06,False,2.0
1.75,0.051,45.0,1.0,0.4,True,True,True,True,0.0,0.0,0.0,1.0,1.1e-15,0.9,100.0,grain_cache,0.005,1.0,1000000000000.0,0.0,0.0,0.0,0.0,0.0,0.0,0.0,0.0,0.0,0.0,0.0,0.0,0.45,20.0,100.0,5.0,0.25,0.0,0.0,0.0,0.0,0.0,0.0,0,0.0,0.2,1000,25,1.0,0.5,constant,0.15,30.0,0.0,0.0,0.0,0.0,0.0,0.0,0.0,0.0,0.0,0.0,0.0,0.0,0.0,0.0,0.0,0.0,0.0,0.0,0.0,0.0,0.0,0.0,0.0,0.0,True,0.5,100.0,continuous,1e-06,False,2.0
1.75,0.051,45.0,1.0,0.4,True,True,True,True,0.0,0.0,0.0,1.0,1.1e-15,0.9,100.0,grain_cache,0.005,1.0,1000000000000.0,0.0,0.0,0.0,0.0,0.0,0.0,0.0,0.0,0.0,0.0,0.0,0.0,0.45,20.0,10000.0,5.0,0.25,0.0,0.0,0.0,0.0,0.0,0.0,0,0.0,0.2,1000,25,1.0,0.5,constant,0.15,40.0,0.0,0.0,0.0,0.0,0.0,0.0,0.0,0.0,0.0,0.0,0.0,0.0,0.0,0.0,0.0,0.0,0.0,0.0,0.0,0.0,0.0,0.0,0.0,0.0,True,0.5,1.0,continuous,1e-06,False,2.0
1.75,0.051,45.0,1.0,0.4,True,True,True,True,0.0,0.0,0.0,1.0,1.1e-15,0.9,100.0,grain_cache,0.005,1.0,1000000000000.0,0.0,0.0,0.0,0.0,0.0,0.0,0.0,0.0,0.0,0.0,0.0,0.0,0.45,20.0,10.0,5.0,0.25,0.0,0.0,0.0,0.0,0.0,0.0,0,0.0,0.2,1000,25,1.0,0.5,constant,0.15,60.0,0.0,0.0,0.0,0.0,0.0,0.0,0.0,0.0,0.0,0.0,0.0,0.0,0.0,0.0,0.0,0.0,0.0,0.0,0.0,0.0,0.0,0.0,0.0,0.0,True,0.5,10.0,continuous,1e-06,False,2.0
1.75,0.051,45.0,1.0,0.4,True,True,True,True,0.0,0.0,0.0,1.0,1.1e-15,0.9,100.0,grain_cache,0.005,1.0,1000000000000.0,0.0,0.0,0.0,0.0,0.0,0.0,0.0,0.0,0.0,0.0,0.0,0.0,0.45,20.0,100.0,5.0,0.25,0.0,0.0,0.0,0.0,0.0,0.0,0,0.0,0.2,1000,25,1.0,0.5,constant,0.15,70.0,0.0,0.0,0.0,0.0,0.0,0.0,0.0,0.0,0.0,0.0,0.0,0.0,0.0,0.0,0.0,0.0,0.0,0.0,0.0,0.0,0.0,0.0,0.0,0.0,True,0.5,100.0,continuous,1e-06,False,2.0
1.75,0.051,45.0,1.0,0.4,True,True,True,True,0.0,0.0,0.0,1.0,1.1e-15,0.9,100.0,grain_cache,0.005,1.0,1000000000000.0,0.0,0.0,0.0,0.0,0.0,0.0,0.0,0.0,0.0,0.0,0.0,0.0,0.45,20.0,10000.0,5.0,0.25,0.0,0.0,0.0,0.0,0.0,0.0,0,0.0,0.2,1000,25,1.0,0.5,constant,0.15,80.0,0.0,0.0,0.0,0.0,0.0,0.0,0.0,0.0,0.0,0.0,0.0,0.0,0.0,0.0,0.0,0.0,0.0,0.0,0.0,0.0,0.0,0.0,0.0,0.0,True,0.5,1.0,continuous,1e-06,False,2.0
1.75,0.051,45.0,1.0,0.4,True,True,True,True,0.0,0.0,0.0,1.0,1.1e-15,0.9,100.0,grain_cache,0.005,1.0,1000000000000.0,0.0,0.0,0.0,0.0,0.0,0.0,0.0,0.0,0.0,0.0,0.0,0.0,0.45,20.0,10.0,5.0,0.25,0.0,0.0,0.0,0.0,0.0,0.0,0,0.0,0.2,1000,25,1.0,0.5,constant,0.15,120.0,0.0,0.0,0.0,0.0,0.0,0.0,0.0,0.0,0.0,0.0,0.0,0.0,0.0,0.0,0.0,0.0,0.0,0.0,0.0,0.0,0.0,0.0,0.0,0.0,True,0.5,10.0,continuous,1e-06,False,2.0
1.75,0.051,45.0,1.0,0.4,True,True,True,True,0.0,0.0,0.0,1.0,1.1e-15,0.9,100.0,grain_cache,0.005,1.0,1000000000000.0,0.0,0.0,0.0,0.0,0.0,0.0,0.0,0.0,0.0,0.0,0.0,0.0,0.45,20.0,100.0,5.0,0.25,0.0,0.0,0.0,0.0,0.0,0.0,0,0.0,0.2,1000,25,1.0,0.5,constant,0.15,150.0,0.0,0.0,0.0,0.0,0.0,0.0,0.0,0.0,0.0,0.0,0.0,0.0,0.0,0.0,0.0,0.0,0.0,0.0,0.0,0.0,0.0,0.0,0.0,0.0,True,0.5,100.0,continuous,1e-06,False,2.0
1.75,0.051,45.0,1.0,0.4,True,True,True,True,0.0,0.0,0.0,1.0,1.1e-15,0.9,100.0,grain_cache,0.005,1.0,1000000000000.0,0.0,0.0,0.0,0.0,0.0,0.0,0.0,0.0,0.0,0.0,0.0,0.0,0.45,20.0,10000.0,5.0,0.25,0.0,0.0,0.0,0.0,0.0,0.0,0,0.0,0.2,1000,25,1.0,0.5,constant,0.15,180.0,0.0,0.0,0.0,0.0,0.0,0.0,0.0,0.0,0.0,0.0,0.0,0.0,0.0,0.0,0.0,0.0,0.0,0.0,0.0,0.0,0.0,0.0,0.0,0.0,True,0.5,1.0,continuous,1e-06,False,2.0
1.75,0.051,45.0,1.0,0.4,True,True,True,True,0.0,0.0,0.0,1.0,1.1e-15,0.9,100.0,grain_cache,0.005,1.0,1000000000000.0,0.0,0.0,0.0,0.0,0.0,0.0,0.0,0.0,0.0,0.0,0.0,0.0,0.45,20.0,10.0,5.0,0.25,0.0,0.0,0.0,0.0,0.0,0.0,0,0.0,0.2,1000,25,1.0,0.5,constant,0.15,220.0,0.0,0.0,0.0,0.0,0.0,0.0,0.0,0.0,0.0,0.0,0.0,0.0,0.0,0.0,0.0,0.0,0.0,0.0,0.0,0.0,0.0,0.0,0.0,0.0,True,0.5,10.0,continuous,1e-06,False,2.0
1.75,0.051,45.0,1.0,0.4,True,True,True,True,0.0,0.0,0.0,1.0,1.1e-15,0.9,100.0,grain_cache,0.005,1.0,1000000000000.0,0.0,0.0,0.0,0.0,0.0,0.0,0.0,0.0,0.0,0.0,0.0,0.0,0.45,20.0,100.0,5.0,0.25,0.0,0.0,0.0,0.0,0.0,0.0,0,0.0,0.2,1000,25,1.0,0.5,constant,0.15,250.0,0.0,0.0,0.0,0.0,0.0,0.0,0.0,0.0,0.0,0.0,0.0,0.0,0.0,0.0,0.0,0.0,0.0,0.0,0.0,0.0,0.0,0.0,0.0,0.0,True,0.5,100.0,continuous,1e-06,False,2.0
1.75,0.051,45.0,1.0,0.4,True,True,True,True,0.0,0.0,0.0,1.0,1.1e-15,0.9,100.0,grain_cache,0.005,1.0,1000000000000.0,0.0,0.0,0.0,0.0,0.0,0.0,0.0,0.0,0.0,0.0,0.0,0.0,0.45,20.0,10.0,5.0,0.25,0.0,0.0,0.0,0.0,0.0,0.0,0,0.0,0.2,1000,25,1.0,0.5,constant,0.15,20.0,0.0,0.0,0.0,0.0,0.0,0.0,0.0,0.0,0.0,0.0,0.0,0.0,0.0,0.0,0.0,0.0,0.0,0.0,0.0,0.0,0.0,0.0,0.0,0.0,True,0.5,100.0,continuous,1e-06,False,2.0
1.75,0.051,45.0,1.0,0.4,True,True,True,True,0.0,0.0,0.0,1.0,1.1e-15,0.9,100.0,grain_cache,0.005,1.0,1000000000000.0,0.0,0.0,0.0,0.0,0.0,0.0,0.0,0.0,0.0,0.0,0.0,0.0,0.45,20.0,1000.0,5.0,0.25,0.0,0.0,0.0,0.0,0.0,0.0,0,0.0,0.2,1000,25,1.0,0.5,constant,0.15,30.0,0.0,0.0,0.0,0.0,0.0,0.0,0.0,0.0,0.0,0.0,0.0,0.0,0.0,0.0,0.0,0.0,0.0,0.0,0.0,0.0,0.0,0.0,0.0,0.0,True,0.5,1.0,continuous,1e-06,False,2.0
1.75,0.051,45.0,1.0,0.4,True,True,True,True,0.0,0.0,0.0,1.0,1.1e-15,0.9,100.0,grain_cache,0.005,1.0,1000000000000.0,0.0,0.0,0.0,0.0,0.0,0.0,0.0,0.0,0.0,0.0,0.0,0.0,0.45,20.0,10000.0,5.0,0.25,0.0,0.0,0.0,0.0,0.0,0.0,0,0.0,0.2,1000,25,1.0,0.5,constant,0.15,40.0,0.0,0.0,0.0,0.0,0.0,0.0,0.0,0.0,0.0,0.0,0.0,0.0,0.0,0.0,0.0,0.0,0.0,0.0,0.0,0.0,0.0,0.0,0.0,0.0,True,0.5,10.0,continuous,1e-06,False,2.0
1.75,0.051,45.0,1.0,0.4,True,True,True,True,0.0,0.0,0.0,1.0,1.1e-15,0.9,100.0,grain_cache,0.005,1.0,1000000000000.0,0.0,0.0,0.0,0.0,0.0,0.0,0.0,0.0,0.0,0.0,0.0,0.0,0.45,20.0,10.0,5.0,0.25,0.0,0.0,0.0,0.0,0.0,0.0,0,0.0,0.2,1000,25,1.0,0.5,constant,0.15,60.0,0.0,0.0,0.0,0.0,0.0,0.0,0.0,0.0,0.0,0.0,0.0,0.0,0.0,0.0,0.0,0.0,0.0,0.0,0.0,0.0,0.0,0.0,0.0,0.0,True,0.5,100.0,continuous,1e-06,False,2.0
1.75,0.051,45.0,1.0,0.4,True,True,True,True,0.0,0.0,0.0,1.0,1.1e-15,0.9,100.0,grain_cache,0.005,1.0,1000000000000.0,0.0,0.0,0.0,0.0,0.0,0.0,0.0,0.0,0.0,0.0,0.0,0.0,0.45,20.0,1000.0,5.0,0.25,0.0,0.0,0.0,0.0,0.0,0.0,0,0.0,0.2,1000,25,1.0,0.5,constant,0.15,70.0,0.0,0.0,0.0,0.0,0.0,0.0,0.0,0.0,0.0,0.0,0.0,0.0,0.0,0.0,0.0,0.0,0.0,0.0,0.0,0.0,0.0,0.0,0.0,0.0,True,0.5,1.0,continuous,1e-06,False,2.0
1.75,0.051,45.0,1.0,0.4,True,True,True,True,0.0,0.0,0.0,1.0,1.1e-15,0.9,100.0,grain_cache,0.005,1.0,1000000000000.0,0.0,0.0,0.0,0.0,0.0,0.0,0.0,0.0,0.0,0.0,0.0,0.0,0.45,20.0,10000.0,5.0,0.25,0.0,0.0,0.0,0.0,0.0,0.0,0,0.0,0.2,1000,25,1.0,0.5,constant,0.15,80.0,0.0,0.0,0.0,0.0,0.0,0.0,0.0,0.0,0.0,0.0,0.0,0.0,0.0,0.0,0.0,0.0,0.0,0.0,0.0,0.0,0.0,0.0,0.0,0.0,True,0.5,10.0,continuous,1e-06,False,2.0
1.75,0.051,45.0,1.0,0.4,True,True,True,True,0.0,0.0,0.0,1.0,1.1e-15,0.9,100.0,grain_cache,0.005,1.0,1000000000000.0,0.0,0.0,0.0,0.0,0.0,0.0,0.0,0.0,0.0,0.0,0.0,0.0,0.45,20.0,10.0,5.0,0.25,0.0,0.0,0.0,0.0,0.0,0.0,0,0.0,0.2,1000,25,1.0,0.5,constant,0.15,120.0,0.0,0.0,0.0,0.0,0.0,0.0,0.0,0.0,0.0,0.0,0.0,0.0,0.0,0.0,0.0,0.0,0.0,0.0,0.0,0.0,0.0,0.0,0.0,0.0,True,0.5,100.0,continuous,1e-06,False,2.0
1.75,0.051,45.0,1.0,0.4,True,True,True,True,0.0,0.0,0.0,1.0,1.1e-15,0.9,100.0,grain_cache,0.005,1.0,1000000000000.0,0.0,0.0,0.0,0.0,0.0,0.0,0.0,0.0,0.0,0.0,0.0,0.0,0.45,20.0,1000.0,5.0,0.25,0.0,0.0,0.0,0.0,0.0,0.0,0,0.0,0.2,1000,25,1.0,0.5,constant,0.15,150.0,0.0,0.0,0.0,0.0,0.0,0.0,0.0,0.0,0.0,0.0,0.0,0.0,0.0,0.0,0.0,0.0,0.0,0.0,0.0,0.0,0.0,0.0,0.0,0.0,True,0.5,1.0,continuous,1e-06,False,2.0
1.75,0.051,45.0,1.0,0.4,True,True,True,True,0.0,0.0,0.0,1.0,1.1e-15,0.9,100.0,grain_cache,0.005,1.0,1000000000000.0,0.0,0.0,0.0,0.0,0.0,0.0,0.0,0.0,0.0,0.0,0.0,0.0,0.45,20.0,10000.0,5.0,0.25,0.0,0.0,0.0,0.0,0.0,0.0,0,0.0,0.2,1000,25,1.0,0.5,constant,0.15,180.0,0.0,0.0,0.0,0.0,0.0,0.0,0.0,0.0,0.0,0.0,0.0,0.0,0.0,0.0,0.0,0.0,0.0,0.0,0.0,0.0,0.0,0.0,0.0,0.0,True,0.5,10.0,continuous,1e-06,False,2.0
1.75,0.051,45.0,1.0,0.4,True,True,True,True,0.0,0.0,0.0,1.0,1.1e-15,0.9,100.0,grain_cache,0.005,1.0,1000000000000.0,0.0,0.0,0.0,0.0,0.0,0.0,0.0,0.0,0.0,0.0,0.0,0.0,0.45,20.0,10.0,5.0,0.25,0.0,0.0,0.0,0.0,0.0,0.0,0,0.0,0.2,1000,25,1.0,0.5,constant,0.15,220.0,0.0,0.0,0.0,0.0,0.0,0.0,0.0,0.0,0.0,0.0,0.0,0.0,0.0,0.0,0.0,0.0,0.0,0.0,0.0,0.0,0.0,0.0,0.0,0.0,True,0.5,100.0,continuous,1e-06,False,2.0
1.75,0.051,45.0,1.0,0.4,True,True,True,True,0.0,0.0,0.0,1.0,1.1e-15,0.9,100.0,grain_cache,0.005,1.0,1000000000000.0,0.0,0.0,0.0,0.0,0.0,0.0,0.0,0.0,0.0,0.0,0.0,0.0,0.45,20.0,1000.0,5.0,0.25,0.0,0.0,0.0,0.0,0.0,0.0,0,0.0,0.2,1000,25,1.0,0.5,constant,0.15,250.0,0.0,0.0,0.0,0.0,0.0,0.0,0.0,0.0,0.0,0.0,0.0,0.0,0.0,0.0,0.0,0.0,0.0,0.0,0.0,0.0,0.0,0.0,0.0,0.0,True,0.5,1.0,continuous,1e-06,False,2.0
1.75,0.051,45.0,1.0,0.4,True,True,True,True,0.0,0.0,0.0,1.0,1.1e-15,0.9,100.0,grain_cache,0.005,1.0,1000000000000.0,0.0,0.0,0.0,0.0,0.0,0.0,0.0,0.0,0.0,0.0,0.0,0.0,0.45,20.0,100.0,5.0,0.25,0.0,0.0,0.0,0.0,0.0,0.0,0,0.0,0.2,1000,25,1.0,0.5,constant,0.15,20.0,0.0,0.0,0.0,0.0,0.0,0.0,0.0,0.0,0.0,0.0,0.0,0.0,0.0,0.0,0.0,0.0,0.0,0.0,0.0,0.0,0.0,0.0,0.0,0.0,True,0.5,1.0,continuous,1e-06,False,2.0
1.75,0.051,45.0,1.0,0.4,True,True,True,True,0.0,0.0,0.0,1.0,1.1e-15,0.9,100.0,grain_cache,0.005,1.0,1000000000000.0,0.0,0.0,0.0,0.0,0.0,0.0,0.0,0.0,0.0,0.0,0.0,0.0,0.45,20.0,1000.0,5.0,0.25,0.0,0.0,0.0,0.0,0.0,0.0,0,0.0,0.2,1000,25,1.0,0.5,constant,0.15,30.0,0.0,0.0,0.0,0.0,0.0,0.0,0.0,0.0,0.0,0.0,0.0,0.0,0.0,0.0,0.0,0.0,0.0,0.0,0.0,0.0,0.0,0.0,0.0,0.0,True,0.5,10.0,continuous,1e-06,False,2.0
1.75,0.051,45.0,1.0,0.4,True,True,True,True,0.0,0.0,0.0,1.0,1.1e-15,0.9,100.0,grain_cache,0.005,1.0,1000000000000.0,0.0,0.0,0.0,0.0,0.0,0.0,0.0,0.0,0.0,0.0,0.0,0.0,0.45,20.0,10000.0,5.0,0.25,0.0,0.0,0.0,0.0,0.0,0.0,0,0.0,0.2,1000,25,1.0,0.5,constant,0.15,40.0,0.0,0.0,0.0,0.0,0.0,0.0,0.0,0.0,0.0,0.0,0.0,0.0,0.0,0.0,0.0,0.0,0.0,0.0,0.0,0.0,0.0,0.0,0.0,0.0,True,0.5,100.0,continuous,1e-06,False,2.0
1.75,0.051,45.0,1.0,0.4,True,True,True,True,0.0,0.0,0.0,1.0,1.1e-15,0.9,100.0,grain_cache,0.005,1.0,1000000000000.0,0.0,0.0,0.0,0.0,0.0,0.0,0.0,0.0,0.0,0.0,0.0,0.0,0.45,20.0,100.0,5.0,0.25,0.0,0.0,0.0,0.0,0.0,0.0,0,0.0,0.2,1000,25,1.0,0.5,constant,0.15,60.0,0.0,0.0,0.0,0.0,0.0,0.0,0.0,0.0,0.0,0.0,0.0,0.0,0.0,0.0,0.0,0.0,0.0,0.0,0.0,0.0,0.0,0.0,0.0,0.0,True,0.5,1.0,continuous,1e-06,False,2.0
1.75,0.051,45.0,1.0,0.4,True,True,True,True,0.0,0.0,0.0,1.0,1.1e-15,0.9,100.0,grain_cache,0.005,1.0,1000000000000.0,0.0,0.0,0.0,0.0,0.0,0.0,0.0,0.0,0.0,0.0,0.0,0.0,0.45,20.0,1000.0,5.0,0.25,0.0,0.0,0.0,0.0,0.0,0.0,0,0.0,0.2,1000,25,1.0,0.5,constant,0.15,70.0,0.0,0.0,0.0,0.0,0.0,0.0,0.0,0.0,0.0,0.0,0.0,0.0,0.0,0.0,0.0,0.0,0.0,0.0,0.0,0.0,0.0,0.0,0.0,0.0,True,0.5,10.0,continuous,1e-06,False,2.0
1.75,0.051,45.0,1.0,0.4,True,True,True,True,0.0,0.0,0.0,1.0,1.1e-15,0.9,100.0,grain_cache,0.005,1.0,1000000000000.0,0.0,0.0,0.0,0.0,0.0,0.0,0.0,0.0,0.0,0.0,0.0,0.0,0.45,20.0,10000.0,5.0,0.25,0.0,0.0,0.0,0.0,0.0,0.0,0,0.0,0.2,1000,25,1.0,0.5,constant,0.15,80.0,0.0,0.0,0.0,0.0,0.0,0.0,0.0,0.0,0.0,0.0,0.0,0.0,0.0,0.0,0.0,0.0,0.0,0.0,0.0,0.0,0.0,0.0,0.0,0.0,True,0.5,100.0,continuous,1e-06,False,2.0
1.75,0.051,45.0,1.0,0.4,True,True,True,True,0.0,0.0,0.0,1.0,1.1e-15,0.9,100.0,grain_cache,0.005,1.0,1000000000000.0,0.0,0.0,0.0,0.0,0.0,0.0,0.0,0.0,0.0,0.0,0.0,0.0,0.45,20.0,100.0,5.0,0.25,0.0,0.0,0.0,0.0,0.0,0.0,0,0.0,0.2,1000,25,1.0,0.5,constant,0.15,120.0,0.0,0.0,0.0,0.0,0.0,0.0,0.0,0.0,0.0,0.0,0.0,0.0,0.0,0.0,0.0,0.0,0.0,0.0,0.0,0.0,0.0,0.0,0.0,0.0,True,0.5,1.0,continuous,1e-06,False,2.0
1.75,0.051,45.0,1.0,0.4,True,True,True,True,0.0,0.0,0.0,1.0,1.1e-15,0.9,100.0,grain_cache,0.005,1.0,1000000000000.0,0.0,0.0,0.0,0.0,0.0,0.0,0.0,0.0,0.0,0.0,0.0,0.0,0.45,20.0,1000.0,5.0,0.25,0.0,0.0,0.0,0.0,0.0,0.0,0,0.0,0.2,1000,25,1.0,0.5,constant,0.15,150.0,0.0,0.0,0.0,0.0,0.0,0.0,0.0,0.0,0.0,0.0,0.0,0.0,0.0,0.0,0.0,0.0,0.0,0.0,0.0,0.0,0.0,0.0,0.0,0.0,True,0.5,10.0,continuous,1e-06,False,2.0
1.75,0.051,45.0,1.0,0.4,True,True,True,True,0.0,0.0,0.0,1.0,1.1e-15,0.9,100.0,grain_cache,0.005,1.0,1000000000000.0,0.0,0.0,0.0,0.0,0.0,0.0,0.0,0.0,0.0,0.0,0.0,0.0,0.45,20.0,10000.0,5.0,0.25,0.0,0.0,0.0,0.0,0.0,0.0,0,0.0,0.2,1000,25,1.0,0.5,constant,0.15,180.0,0.0,0.0,0.0,0.0,0.0,0.0,0.0,0.0,0.0,0.0,0.0,0.0,0.0,0.0,0.0,0.0,0.0,0.0,0.0,0.0,0.0,0.0,0.0,0.0,True,0.5,100.0,continuous,1e-06,False,2.0
1.75,0.051,45.0,1.0,0.4,True,True,True,True,0.0,0.0,0.0,1.0,1.1e-15,0.9,100.0,grain_cache,0.005,1.0,1000000000000.0,0.0,0.0,0.0,0.0,0.0,0.0,0.0,0.0,0.0,0.0,0.0,0.0,0.45,20.0,100.0,5.0,0.25,0.0,0.0,0.0,0.0,0.0,0.0,0,0.0,0.2,1000,25,1.0,0.5,constant,0.15,220.0,0.0,0.0,0.0,0.0,0.0,0.0,0.0,0.0,0.0,0.0,0.0,0.0,0.0,0.0,0.0,0.0,0.0,0.0,0.0,0.0,0.0,0.0,0.0,0.0,True,0.5,1.0,continuous,1e-06,False,2.0
1.75,0.051,45.0,1.0,0.4,True,True,True,True,0.0,0.0,0.0,1.0,1.1e-15,0.9,100.0,grain_cache,0.005,1.0,1000000000000.0,0.0,0.0,0.0,0.0,0.0,0.0,0.0,0.0,0.0,0.0,0.0,0.0,0.45,20.0,1000.0,5.0,0.25,0.0,0.0,0.0,0.0,0.0,0.0,0,0.0,0.2,1000,25,1.0,0.5,constant,0.15,250.0,0.0,0.0,0.0,0.0,0.0,0.0,0.0,0.0,0.0,0.0,0.0,0.0,0.0,0.0,0.0,0.0,0.0,0.0,0.0,0.0,0.0,0.0,0.0,0.0,True,0.5,10.0,continuous,1e-06,False,2.0
