rng_seed,grain_radius_um,site_area_angstroms_sq,surface_temperature_k,gas_temperature_k,h_gas_density_cm3,sticking_probability,sticking_temp_model,initial_h_count,initial_h_coverage,uv_flux_factor,uv_stimulated_diffusion_factor,enable_LH,enable_diffusion,use_3d_lattice,porosity_fraction,chemisorption_fraction,surface_defect_fraction,E_phys_mean_meV,heterogeneity_E_bind_sigma_meV,E_chem_mean_eV,heterogeneity_E_chem_sigma_eV,uv_pulse_enabled,uv_defect_creation_rate,uv_pulse_duration,er_cross_section_cm2,er_reaction_probability,enable_h2_blocking,E_h2_bind_eV,h2_desorption_prefactor_s,h2_stick_transition_K,h2_stick_prob_lowT,sticking_blocking_strength,er_blocking_strength,beam_dissociation_fraction,h2_beam_stick_probability,diffusion_mode,diffusion_rate_cap_s,enable_chemisorption_diffusion,lh_exclude_chemisorption,lh_formation_mode,enable_grain_cache,grain_cache_dir,gas_flux_h_cm2_s,arrival_rate_per_site_s,run_id,final_time,final_h_atoms_on_surface,h2_formed_LH,h2_formed_ER,h2_formed_UV,total_h2_formed,total_h2_desorbed,total_h2_desorbed_LH,total_h2_desorbed_ER,total_h2_desorbed_UV,total_h2_desorbed_beam,total_h2_released_formed,total_h2_released_beam,total_h2_released_formed_gas,total_h2_released_total_gas,h2_on_surface,impinging_h_atoms,impinging_h2_molecules,epsilon,adsorption_rate_s,adsorption_rate_cm2_s,h2_release_rate_s,h2_release_rate_cm2_s
1234,0.005,25,10.0,100.0,10.0,0.5,constant,0,0.0,0.0,2.0,True,True,True,0.2,0.4,0.15,45.0,5.0,1.75,0.25,True,0.5,1e-06,1.1e-15,0.9,True,0.051,1000000000000.0,20.0,0.45,1.0,1.0,1.0,1.0,rate_only,200.0,False,False,diffusion_limited,True,grain_cache,362412.9740951857,9.060324352379643e-10,0,6845555536.073592,0,838,4,0,842,461,459,2,0,0,0,0,461.0,461.0,478,5000,0,0.1844,2.5403343685345936e-07,80861.35437170179,6.734296399623045e-08,21435.931204919223
1235,0.005,25,10.0,100.0,10.0,0.5,constant,0,0.0,0.0,2.0,True,True,True,0.2,0.4,0.15,45.0,5.0,1.75,0.25,True,0.5,1e-06,1.1e-15,0.9,True,0.051,1000000000000.0,20.0,0.45,1.0,1.0,1.0,1.0,rate_only,200.0,False,False,diffusion_limited,True,grain_cache,362412.9740951857,9.060324352379643e-10,1,6805558395.353703,3,830,8,0,838,464,458,6,0,0,0,0,464.0,464.0,470,5000,0,0.1856,2.5831825955680927e-07,82225.25579872282,6.817956338700767e-08,21702.229061778948
1236,0.005,25,10.0,100.0,10.0,0.5,constant,0,0.0,0.0,2.0,True,True,True,0.2,0.4,0.15,45.0,5.0,1.75,0.25,True,0.5,1e-06,1.1e-15,0.9,True,0.051,1000000000000.0,20.0,0.45,1.0,1.0,1.0,1.0,rate_only,200.0,False,False,diffusion_limited,True,grain_cache,362412.9740951857,9.060324352379643e-10,2,6747201946.827743,3,812,2,0,814,455,454,1,0,0,0,0,455.0,455.0,475,5000,0,0.182,2.538830189906176e-07,80813.47487890063,6.743536114461823e-08,21465.342130706238
1237,0.005,25,10.0,100.0,10.0,0.5,constant,0,0.0,0.0,2.0,True,True,True,0.2,0.4,0.15,45.0,5.0,1.75,0.25,True,0.5,1e-06,1.1e-15,0.9,True,0.051,1000000000000.0,20.0,0.45,1.0,1.0,1.0,1.0,rate_only,200.0,False,False,diffusion_limited,True,grain_cache,362412.9740951857,9.060324352379643e-10,3,6772182048.436056,5,845,2,0,847,477,475,2,0,0,0,0,477.0,477.0,462,5000,0,0.1908,2.62544625540686e-07,83570.54987402167,7.043520044033027e-08,22420.220635494003
1238,0.005,25,10.0,100.0,10.0,0.5,constant,0,0.0,0.0,2.0,True,True,True,0.2,0.4,0.15,45.0,5.0,1.75,0.25,True,0.5,1e-06,1.1e-15,0.9,True,0.051,1000000000000.0,20.0,0.45,1.0,1.0,1.0,1.0,rate_only,200.0,False,False,diffusion_limited,True,grain_cache,362412.9740951857,9.060324352379643e-10,4,6950026110.903558,3,815,3,0,818,423,422,1,0,0,0,0,423.0,423.0,490,5000,0,0.1692,2.4517893498654306e-07,78042.8788902295,6.086308069208199e-08,19373.320287891478
1234,0.005,25,10.0,100.0,10.0,0.5,constant,0,0.0,1.0,2.0,True,True,True,0.2,0.4,0.15,45.0,5.0,1.75,0.25,True,0.5,1e-06,1.1e-15,0.9,True,0.051,1000000000000.0,20.0,0.45,1.0,1.0,1.0,1.0,rate_only,200.0,False,False,diffusion_limited,True,grain_cache,362412.9740951857,9.060324352379643e-10,0,6769240895.461953,5,824,6,0,830,457,452,5,0,0,0,0,457.0,457.0,467,5000,0,0.1828,2.55863253612546e-07,81443.80313602387,6.75112626448808e-08,21489.502328615996
1235,0.005,25,10.0,100.0,10.0,0.5,constant,0,0.0,1.0,2.0,True,True,True,0.2,0.4,0.15,45.0,5.0,1.75,0.25,True,0.5,1e-06,1.1e-15,0.9,True,0.051,1000000000000.0,20.0,0.45,1.0,1.0,1.0,1.0,rate_only,200.0,False,False,diffusion_limited,True,grain_cache,362412.9740951857,9.060324352379643e-10,1,6793387257.568154,3,823,3,0,826,460,458,2,0,0,0,0,460.0,460.0,465,5000,0,0.184,2.5112656401258964e-07,79936.0680085738,6.771290706083895e-08,21553.687739709232
1236,0.005,25,10.0,100.0,10.0,0.5,constant,0,0.0,1.0,2.0,True,True,True,0.2,0.4,0.15,45.0,5.0,1.75,0.25,True,0.5,1e-06,1.1e-15,0.9,True,0.051,1000000000000.0,20.0,0.45,1.0,1.0,1.0,1.0,rate_only,200.0,False,False,diffusion_limited,True,grain_cache,362412.9740951857,9.060324352379643e-10,2,6783329429.554119,4,885,5,0,890,536,534,2,0,0,0,0,536.0,536.0,470,5000,0,0.2144,2.7051612619683986e-07,86107.95734059603,7.901724449128402e-08,25151.970100577368
1237,0.005,25,10.0,100.0,10.0,0.5,constant,0,0.0,1.0,2.0,True,True,True,0.2,0.4,0.15,45.0,5.0,1.75,0.25,True,0.5,1e-06,1.1e-15,0.9,True,0.051,1000000000000.0,20.0,0.45,1.0,1.0,1.0,1.0,rate_only,200.0,False,False,diffusion_limited,True,grain_cache,362412.9740951857,9.060324352379643e-10,3,6875048210.56512,1,837,4,0,841,470,467,3,0,0,0,0,470.0,470.0,464,5000,0,0.188,2.526527737406544e-07,80421.87565340669,6.836315697070096e-08,21760.66871450843
1238,0.005,25,10.0,100.0,10.0,0.5,constant,0,0.0,1.0,2.0,True,True,True,0.2,0.4,0.15,45.0,5.0,1.75,0.25,True,0.5,1e-06,1.1e-15,0.9,True,0.051,1000000000000.0,20.0,0.45,1.0,1.0,1.0,1.0,rate_only,200.0,False,False,diffusion_limited,True,grain_cache,362412.9740951857,9.060324352379643e-10,4,6801880628.386201,3,820,5,0,825,446,444,2,0,0,0,0,446.0,446.0,471,5000,0,0.1784,2.51254041840701e-07,79976.64546153088,6.557010103039944e-08,20871.611396046093
1234,0.005,25,10.0,100.0,10.0,0.5,constant,0,0.0,10.0,2.0,True,True,True,0.2,0.4,0.15,45.0,5.0,1.75,0.25,True,0.5,1e-06,1.1e-15,0.9,True,0.051,1000000000000.0,20.0,0.45,1.0,1.0,1.0,1.0,rate_only,200.0,False,False,diffusion_limited,True,grain_cache,362412.9740951857,9.060324352379643e-10,0,6760874748.568153,1,844,0,0,844,470,470,0,0,0,0,0,470.0,470.0,472,5000,0,0.188,2.573631467390377e-07,81921.23394640528,6.951763159042971e-08,22128.149399316368
1235,0.005,25,10.0,100.0,10.0,0.5,constant,0,0.0,10.0,2.0,True,True,True,0.2,0.4,0.15,45.0,5.0,1.75,0.25,True,0.5,1e-06,1.1e-15,0.9,True,0.051,1000000000000.0,20.0,0.45,1.0,1.0,1.0,1.0,rate_only,200.0,False,False,diffusion_limited,True,grain_cache,362412.9740951857,9.060324352379643e-10,1,6713979149.399464,4,803,1,0,804,448,448,0,0,0,1,0,449.0,449.0,477,5000,0,0.1792,2.4873476113630384e-07,79174.7335072492,6.687539386239547e-08,21287.099008835263
1236,0.005,25,10.0,100.0,10.0,0.5,constant,0,0.0,10.0,2.0,True,True,True,0.2,0.4,0.15,45.0,5.0,1.75,0.25,True,0.5,1e-06,1.1e-15,0.9,True,0.051,1000000000000.0,20.0,0.45,1.0,1.0,1.0,1.0,rate_only,200.0,False,False,diffusion_limited,True,grain_cache,362412.9740951857,9.060324352379643e-10,2,6740150597.367187,4,864,1,0,865,505,504,1,0,0,0,0,505.0,505.0,453,5000,0,0.202,2.661661596553593e-07,84723.31998587406,7.492414193197127e-08,23849.095090783947
1237,0.005,25,10.0,100.0,10.0,0.5,constant,0,0.0,10.0,2.0,True,True,True,0.2,0.4,0.15,45.0,5.0,1.75,0.25,True,0.5,1e-06,1.1e-15,0.9,True,0.051,1000000000000.0,20.0,0.45,1.0,1.0,1.0,1.0,rate_only,200.0,False,False,diffusion_limited,True,grain_cache,362412.9740951857,9.060324352379643e-10,3,6770106188.817289,1,852,2,0,854,485,484,1,0,0,0,0,485.0,485.0,453,5000,0,0.194,2.6306825186018736e-07,83737.22530818499,7.163846274687865e-08,22803.230923340663
1238,0.005,25,10.0,100.0,10.0,0.5,constant,0,0.0,10.0,2.0,True,True,True,0.2,0.4,0.15,45.0,5.0,1.75,0.25,True,0.5,1e-06,1.1e-15,0.9,True,0.051,1000000000000.0,20.0,0.45,1.0,1.0,1.0,1.0,rate_only,200.0,False,False,diffusion_limited,True,grain_cache,362412.9740951857,9.060324352379643e-10,4,6847073878.094322,1,827,4,0,831,465,463,2,0,0,0,0,465.0,465.0,470,5000,0,0.186,2.52516626924612e-07,80378.53877588794,6.791222181604659e-08,21617.13159675413
1234,0.005,25,10.0,100.0,100.0,0.5,constant,0,0.0,0.0,2.0,True,True,True,0.2,0.4,0.15,45.0,5.0,1.75,0.25,True,0.5,1e-06,1.1e-15,0.9,True,0.051,1000000000000.0,20.0,0.45,1.0,1.0,1.0,1.0,rate_only,200.0,False,False,diffusion_limited,True,grain_cache,3624129.740951857,9.060324352379643e-09,0,699119981.74871,3,843,2,0,845,458,458,0,0,0,0,0,458.0,458.0,480,5000,0,0.1832,2.4559446802039113e-06,781751.4716293929,6.551092973403561e-07,208527.76587435175
1235,0.005,25,10.0,100.0,100.0,0.5,constant,0,0.0,0.0,2.0,True,True,True,0.2,0.4,0.15,45.0,5.0,1.75,0.25,True,0.5,1e-06,1.1e-15,0.9,True,0.051,1000000000000.0,20.0,0.45,1.0,1.0,1.0,1.0,rate_only,200.0,False,False,diffusion_limited,True,grain_cache,3624129.740951857,9.060324352379643e-09,1,666756572.1881797,1,844,2,0,846,481,480,1,0,0,0,0,481.0,481.0,460,5000,0,0.1924,2.5766525170675427e-06,820173.9694429471,7.214027128693178e-07,229629.6154261103
1236,0.005,25,10.0,100.0,100.0,0.5,constant,0,0.0,0.0,2.0,True,True,True,0.2,0.4,0.15,45.0,5.0,1.75,0.25,True,0.5,1e-06,1.1e-15,0.9,True,0.051,1000000000000.0,20.0,0.45,1.0,1.0,1.0,1.0,rate_only,200.0,False,False,diffusion_limited,True,grain_cache,3624129.740951857,9.060324352379643e-09,2,681913357.809308,1,839,1,0,840,457,457,0,0,0,0,0,457.0,457.0,494,5000,0,0.1828,2.510582877419961e-06,799143.3499665211,6.701731162271742e-07,213322.72834970802
1237,0.005,25,10.0,100.0,100.0,0.5,constant,0,0.0,0.0,2.0,True,True,True,0.2,0.4,0.15,45.0,5.0,1.75,0.25,True,0.5,1e-06,1.1e-15,0.9,True,0.051,1000000000000.0,20.0,0.45,1.0,1.0,1.0,1.0,rate_only,200.0,False,False,diffusion_limited,True,grain_cache,3624129.740951857,9.060324352379643e-09,3,700224692.0141066,4,805,1,0,806,448,448,0,0,0,0,0,448.0,448.0,463,5000,0,0.1792,2.3521021449023963e-06,748697.3660365314,6.397946332217811e-07,203652.95688182517
1238,0.005,25,10.0,100.0,100.0,0.5,constant,0,0.0,0.0,2.0,True,True,True,0.2,0.4,0.15,45.0,5.0,1.75,0.25,True,0.5,1e-06,1.1e-15,0.9,True,0.051,1000000000000.0,20.0,0.45,1.0,1.0,1.0,1.0,rate_only,200.0,False,False,diffusion_limited,True,grain_cache,3624129.740951857,9.060324352379643e-09,4,676196983.202179,4,835,3,0,838,469,467,2,0,0,0,0,469.0,469.0,474,5000,0,0.1876,2.5155391731338308e-06,800720.9878910963,6.935848748969822e-07,220774.922587257
1234,0.005,25,10.0,100.0,100.0,0.5,constant,0,0.0,1.0,2.0,True,True,True,0.2,0.4,0.15,45.0,5.0,1.75,0.25,True,0.5,1e-06,1.1e-15,0.9,True,0.051,1000000000000.0,20.0,0.45,1.0,1.0,1.0,1.0,rate_only,200.0,False,False,diffusion_limited,True,grain_cache,3624129.740951857,9.060324352379643e-09,0,678663432.8733166,7,812,2,0,814,424,424,0,0,0,0,0,424.0,424.0,485,5000,0,0.1696,2.4592455098601805e-06,782802.1583415921,6.24757397352137e-07,198866.45604363992
1235,0.005,25,10.0,100.0,100.0,0.5,constant,0,0.0,1.0,2.0,True,True,True,0.2,0.4,0.15,45.0,5.0,1.75,0.25,True,0.5,1e-06,1.1e-15,0.9,True,0.051,1000000000000.0,20.0,0.45,1.0,1.0,1.0,1.0,rate_only,200.0,False,False,diffusion_limited,True,grain_cache,3624129.740951857,9.060324352379643e-09,1,679456088.7508985,2,835,5,0,840,463,461,2,0,0,0,0,463.0,463.0,487,5000,0,0.1852,2.506416570835017e-06,797817.1733916609,6.814274059287216e-07,216905.080023687
1236,0.005,25,10.0,100.0,100.0,0.5,constant,0,0.0,1.0,2.0,True,True,True,0.2,0.4,0.15,45.0,5.0,1.75,0.25,True,0.5,1e-06,1.1e-15,0.9,True,0.051,1000000000000.0,20.0,0.45,1.0,1.0,1.0,1.0,rate_only,200.0,False,False,diffusion_limited,True,grain_cache,3624129.740951857,9.060324352379643e-09,2,668249017.4183348,2,851,1,0,852,477,476,1,0,0,0,0,477.0,477.0,486,5000,0,0.1908,2.606812662037151e-06,829774.2417555097,7.13805763370678e-07,227211.43129585427
1237,0.005,25,10.0,100.0,100.0,0.5,constant,0,0.0,1.0,2.0,True,True,True,0.2,0.4,0.15,45.0,5.0,1.75,0.25,True,0.5,1e-06,1.1e-15,0.9,True,0.051,1000000000000.0,20.0,0.45,1.0,1.0,1.0,1.0,rate_only,200.0,False,False,diffusion_limited,True,grain_cache,3624129.740951857,9.060324352379643e-09,3,680606674.9979409,1,844,6,0,850,471,465,6,0,0,0,0,471.0,471.0,475,5000,0,0.1884,2.5359727775300205e-06,807225.2061807719,6.920296513422014e-07,220279.87955454437
1238,0.005,25,10.0,100.0,100.0,0.5,constant,0,0.0,1.0,2.0,True,True,True,0.2,0.4,0.15,45.0,5.0,1.75,0.25,True,0.5,1e-06,1.1e-15,0.9,True,0.051,1000000000000.0,20.0,0.45,1.0,1.0,1.0,1.0,rate_only,200.0,False,False,diffusion_limited,True,grain_cache,3624129.740951857,9.060324352379643e-09,4,695000688.9928675,6,797,5,0,802,436,435,1,0,0,0,0,436.0,436.0,484,5000,0,0.1744,2.3467602634516787e-06,746996.9923599464,6.273375075811969e-07,199687.73063699363
1234,0.005,25,10.0,100.0,100.0,0.5,constant,0,0.0,10.0,2.0,True,True,True,0.2,0.4,0.15,45.0,5.0,1.75,0.25,True,0.5,1e-06,1.1e-15,0.9,True,0.051,1000000000000.0,20.0,0.45,1.0,1.0,1.0,1.0,rate_only,200.0,False,False,diffusion_limited,True,grain_cache,3624129.740951857,9.060324352379643e-09,0,685515669.9084679,2,864,5,0,869,484,481,3,0,0,0,0,484.0,484.0,471,5000,0,0.1936,2.57908035893048e-06,820946.7755100109,7.060378358158102e-07,224738.82315998035
1235,0.005,25,10.0,100.0,100.0,0.5,constant,0,0.0,10.0,2.0,True,True,True,0.2,0.4,0.15,45.0,5.0,1.75,0.25,True,0.5,1e-06,1.1e-15,0.9,True,0.051,1000000000000.0,20.0,0.45,1.0,1.0,1.0,1.0,rate_only,200.0,False,False,diffusion_limited,True,grain_cache,3624129.740951857,9.060324352379643e-09,1,677858999.0904896,8,840,0,0,840,478,478,0,0,0,0,0,478.0,478.0,465,5000,0,0.1912,2.5137971204724353e-06,800166.4753067214,7.051613988179719e-07,224459.8445989512
1236,0.005,25,10.0,100.0,100.0,0.5,constant,0,0.0,10.0,2.0,True,True,True,0.2,0.4,0.15,45.0,5.0,1.75,0.25,True,0.5,1e-06,1.1e-15,0.9,True,0.051,1000000000000.0,20.0,0.45,1.0,1.0,1.0,1.0,rate_only,200.0,False,False,diffusion_limited,True,grain_cache,3624129.740951857,9.060324352379643e-09,2,682503211.6917938,3,820,4,0,824,440,439,1,0,0,0,0,440.0,440.0,498,5000,0,0.176,2.480574407559753e-06,789591.3573407686,6.446856109428773e-07,205209.80344355473
1237,0.005,25,10.0,100.0,100.0,0.5,constant,0,0.0,10.0,2.0,True,True,True,0.2,0.4,0.15,45.0,5.0,1.75,0.25,True,0.5,1e-06,1.1e-15,0.9,True,0.051,1000000000000.0,20.0,0.45,1.0,1.0,1.0,1.0,rate_only,200.0,False,False,diffusion_limited,True,grain_cache,3624129.740951857,9.060324352379643e-09,3,686088480.7522357,3,836,2,0,838,454,452,2,0,0,0,0,454.0,454.0,476,5000,0,0.1816,2.501135127816979e-06,796136.0378657031,6.617222307860773e-07,210632.72796680024
1238,0.005,25,10.0,100.0,100.0,0.5,constant,0,0.0,10.0,2.0,True,True,True,0.2,0.4,0.15,45.0,5.0,1.75,0.25,True,0.5,1e-06,1.1e-15,0.9,True,0.051,1000000000000.0,20.0,0.45,1.0,1.0,1.0,1.0,rate_only,200.0,False,False,diffusion_limited,True,grain_cache,3624129.740951857,9.060324352379643e-09,4,683760354.5623597,5,848,1,0,849,481,481,0,0,0,0,0,481.0,481.0,455,5000,0,0.1924,2.5462137258810883e-06,810485.0012848146,7.034628386839768e-07,223919.17611602286
1234,0.005,25,10.0,100.0,1000.0,0.5,constant,0,0.0,0.0,2.0,True,True,True,0.2,0.4,0.15,45.0,5.0,1.75,0.25,True,0.5,1e-06,1.1e-15,0.9,True,0.051,1000000000000.0,20.0,0.45,1.0,1.0,1.0,1.0,rate_only,200.0,False,False,diffusion_limited,True,grain_cache,36241297.40951857,9.060324352379643e-08,0,66934099.050832495,2,837,1,0,838,448,448,0,0,0,0,0,448.0,448.0,498,5000,0,0.1792,2.5308475411217638e-05,8055937.927629948,6.693150521974912e-06,2130495.9808608126
1235,0.005,25,10.0,100.0,1000.0,0.5,constant,0,0.0,0.0,2.0,True,True,True,0.2,0.4,0.15,45.0,5.0,1.75,0.25,True,0.5,1e-06,1.1e-15,0.9,True,0.051,1000000000000.0,20.0,0.45,1.0,1.0,1.0,1.0,rate_only,200.0,False,False,diffusion_limited,True,grain_cache,36241297.40951857,9.060324352379643e-08,1,68739471.44433841,5,821,2,0,823,443,443,0,0,0,0,0,443.0,443.0,500,5000,0,0.1772,2.420734353983823e-05,7705436.766977825,6.444623310185298e-06,2051387.3123624858
1236,0.005,25,10.0,100.0,1000.0,0.5,constant,0,0.0,0.0,2.0,True,True,True,0.2,0.4,0.15,45.0,5.0,1.75,0.25,True,0.5,1e-06,1.1e-15,0.9,True,0.051,1000000000000.0,20.0,0.45,1.0,1.0,1.0,1.0,rate_only,200.0,False,False,diffusion_limited,True,grain_cache,36241297.40951857,9.060324352379643e-08,2,67538576.634014,7,835,2,0,837,475,475,0,0,0,0,0,475.0,475.0,474,5000,0,0.19,2.514118722402639e-05,8002688.44380521,7.033017627451435e-06,2238679.0405226587
1237,0.005,25,10.0,100.0,1000.0,0.5,constant,0,0.0,0.0,2.0,True,True,True,0.2,0.4,0.15,45.0,5.0,1.75,0.25,True,0.5,1e-06,1.1e-15,0.9,True,0.051,1000000000000.0,20.0,0.45,1.0,1.0,1.0,1.0,rate_only,200.0,False,False,diffusion_limited,True,grain_cache,36241297.40951857,9.060324352379643e-08,3,68588346.83940127,1,864,4,0,868,482,480,2,0,0,0,0,482.0,482.0,486,5000,0,0.1928,2.5558277473936306e-05,8135452.393782404,7.027432825121106e-06,2236901.3427285333
1238,0.005,25,10.0,100.0,1000.0,0.5,constant,0,0.0,0.0,2.0,True,True,True,0.2,0.4,0.15,45.0,5.0,1.75,0.25,True,0.5,1e-06,1.1e-15,0.9,True,0.051,1000000000000.0,20.0,0.45,1.0,1.0,1.0,1.0,rate_only,200.0,False,False,diffusion_limited,True,grain_cache,36241297.40951857,9.060324352379643e-08,4,67677865.04709579,3,831,7,0,838,464,463,1,0,0,0,0,464.0,464.0,484,5000,0,0.1856,2.4941685125932262e-05,7939184.95366744,6.856008233668584e-06,2182335.200534178
1234,0.005,25,10.0,100.0,1000.0,0.5,constant,0,0.0,1.0,2.0,True,True,True,0.2,0.4,0.15,45.0,5.0,1.75,0.25,True,0.5,1e-06,1.1e-15,0.9,True,0.051,1000000000000.0,20.0,0.45,1.0,1.0,1.0,1.0,rate_only,200.0,False,False,diffusion_limited,True,grain_cache,36241297.40951857,9.060324352379643e-08,0,67345218.36394832,2,805,7,0,812,419,416,3,0,0,0,0,419.0,419.0,501,5000,0,0.1676,2.414425314077593e-05,7685354.469233014,6.221674087321719e-06,1980420.3706080152
1235,0.005,25,10.0,100.0,1000.0,0.5,constant,0,0.0,1.0,2.0,True,True,True,0.2,0.4,0.15,45.0,5.0,1.75,0.25,True,0.5,1e-06,1.1e-15,0.9,True,0.051,1000000000000.0,20.0,0.45,1.0,1.0,1.0,1.0,rate_only,200.0,False,False,diffusion_limited,True,grain_cache,36241297.40951857,9.060324352379643e-08,1,66794641.58967924,7,810,3,0,813,449,446,3,0,0,0,0,449.0,449.0,484,5000,0,0.1796,2.456783899044918e-05,7820186.032831571,6.7220961040290564e-06,2139709.645789991
1236,0.005,25,10.0,100.0,1000.0,0.5,constant,0,0.0,1.0,2.0,True,True,True,0.2,0.4,0.15,45.0,5.0,1.75,0.25,True,0.5,1e-06,1.1e-15,0.9,True,0.051,1000000000000.0,20.0,0.45,1.0,1.0,1.0,1.0,rate_only,200.0,False,False,diffusion_limited,True,grain_cache,36241297.40951857,9.060324352379643e-08,2,66952685.06531266,1,856,0,0,856,498,498,0,0,0,0,0,498.0,498.0,470,5000,0,0.1992,2.5824207024906504e-05,8220100.398884634,7.43808854737041e-06,2367617.118938431
1237,0.005,25,10.0,100.0,1000.0,0.5,constant,0,0.0,1.0,2.0,True,True,True,0.2,0.4,0.15,45.0,5.0,1.75,0.25,True,0.5,1e-06,1.1e-15,0.9,True,0.051,1000000000000.0,20.0,0.45,1.0,1.0,1.0,1.0,rate_only,200.0,False,False,diffusion_limited,True,grain_cache,36241297.40951857,9.060324352379643e-08,3,68617504.58264899,2,844,4,0,848,472,468,4,0,0,0,0,472.0,472.0,470,5000,0,0.1888,2.494990178399618e-05,7941800.397160577,6.8787112395129645e-06,2189561.7917405325
1238,0.005,25,10.0,100.0,1000.0,0.5,constant,0,0.0,1.0,2.0,True,True,True,0.2,0.4,0.15,45.0,5.0,1.75,0.25,True,0.5,1e-06,1.1e-15,0.9,True,0.051,1000000000000.0,20.0,0.45,1.0,1.0,1.0,1.0,rate_only,200.0,False,False,diffusion_limited,True,grain_cache,36241297.40951857,9.060324352379643e-08,4,66835937.57506443,2,828,5,0,833,459,458,1,0,0,0,0,459.0,459.0,484,5000,0,0.1836,2.5151139656147473e-05,8005856.401340923,6.8675628210420525e-06,2186013.1399259274
1234,0.005,25,10.0,100.0,1000.0,0.5,constant,0,0.0,10.0,2.0,True,True,True,0.2,0.4,0.15,45.0,5.0,1.75,0.25,True,0.5,1e-06,1.1e-15,0.9,True,0.051,1000000000000.0,20.0,0.45,1.0,1.0,1.0,1.0,rate_only,200.0,False,False,diffusion_limited,True,grain_cache,36241297.40951857,9.060324352379643e-08,0,69281038.48453577,1,835,3,0,838,448,445,3,0,0,0,0,448.0,448.0,482,5000,0,0.1792,2.4581040314228644e-05,7824388.144701288,6.466415772621511e-06,2058324.0686002213
1235,0.005,25,10.0,100.0,1000.0,0.5,constant,0,0.0,10.0,2.0,True,True,True,0.2,0.4,0.15,45.0,5.0,1.75,0.25,True,0.5,1e-06,1.1e-15,0.9,True,0.051,1000000000000.0,20.0,0.45,1.0,1.0,1.0,1.0,rate_only,200.0,False,False,diffusion_limited,True,grain_cache,36241297.40951857,9.060324352379643e-08,1,67740222.71811555,4,839,2,0,841,475,473,2,0,0,0,0,475.0,475.0,481,5000,0,0.19,2.506634805536164e-05,7978866.396545443,7.012082053178314e-06,2232015.0402585897
1236,0.005,25,10.0,100.0,1000.0,0.5,constant,0,0.0,10.0,2.0,True,True,True,0.2,0.4,0.15,45.0,5.0,1.75,0.25,True,0.5,1e-06,1.1e-15,0.9,True,0.051,1000000000000.0,20.0,0.45,1.0,1.0,1.0,1.0,rate_only,200.0,False,False,diffusion_limited,True,grain_cache,36241297.40951857,9.060324352379643e-08,2,67056741.42192411,4,829,1,0,830,437,436,1,0,0,0,0,437.0,437.0,504,5000,0,0.1748,2.4934107511722034e-05,7936772.924150638,6.516869008745532e-06,2074383.8324484625
1237,0.005,25,10.0,100.0,1000.0,0.5,constant,0,0.0,10.0,2.0,True,True,True,0.2,0.4,0.15,45.0,5.0,1.75,0.25,True,0.5,1e-06,1.1e-15,0.9,True,0.051,1000000000000.0,20.0,0.45,1.0,1.0,1.0,1.0,rate_only,200.0,False,False,diffusion_limited,True,grain_cache,36241297.40951857,9.060324352379643e-08,3,68144604.65511115,2,825,2,0,827,437,435,2,0,0,0,0,437.0,437.0,488,5000,0,0.1748,2.4594757112209507e-05,7828754.337105382,6.412833447515247e-06,2041268.2847941837
1238,0.005,25,10.0,100.0,1000.0,0.5,constant,0,0.0,10.0,2.0,True,True,True,0.2,0.4,0.15,45.0,5.0,1.75,0.25,True,0.5,1e-06,1.1e-15,0.9,True,0.051,1000000000000.0,20.0,0.45,1.0,1.0,1.0,1.0,rate_only,200.0,False,False,diffusion_limited,True,grain_cache,36241297.40951857,9.060324352379643e-08,4,68840505.33168903,1,839,2,0,841,482,481,1,0,0,0,0,482.0,482.0,458,5000,0,0.1928,2.468023719195314e-05,7855963.491559559,7.0016917754687545e-06,2228707.7121434417
1234,0.005,25,20.0,100.0,10.0,0.5,constant,0,0.0,0.0,2.0,True,True,True,0.2,0.4,0.15,45.0,5.0,1.75,0.25,True,0.5,1e-06,1.1e-15,0.9,True,0.051,1000000000000.0,20.0,0.45,1.0,1.0,1.0,1.0,rate_only,200.0,False,False,diffusion_limited,True,grain_cache,362412.9740951857,9.060324352379643e-10,0,6817562809.906543,5,680,15,0,695,695,680,15,0,0,0,0,695.0,695.0,0,5000,0,0.278,3.625929190425584e-07,115416.91079148515,1.0194258848486169e-07,32449.33373789732
1235,0.005,25,20.0,100.0,10.0,0.5,constant,0,0.0,0.0,2.0,True,True,True,0.2,0.4,0.15,45.0,5.0,1.75,0.25,True,0.5,1e-06,1.1e-15,0.9,True,0.051,1000000000000.0,20.0,0.45,1.0,1.0,1.0,1.0,rate_only,200.0,False,False,diffusion_limited,True,grain_cache,362412.9740951857,9.060324352379643e-10,1,6638028898.810404,6,714,15,0,729,729,714,15,0,0,0,0,729.0,729.0,0,5000,0,0.2916,3.796307666650272e-07,120840.22612900996,1.0982175749952574e-07,34957.351130177885
1236,0.005,25,20.0,100.0,10.0,0.5,constant,0,0.0,0.0,2.0,True,True,True,0.2,0.4,0.15,45.0,5.0,1.75,0.25,True,0.5,1e-06,1.1e-15,0.9,True,0.051,1000000000000.0,20.0,0.45,1.0,1.0,1.0,1.0,rate_only,200.0,False,False,diffusion_limited,True,grain_cache,362412.9740951857,9.060324352379643e-10,2,6825234692.632423,7,697,17,0,714,714,697,17,0,0,0,0,714.0,714.0,0,5000,0,0.2856,3.6306443830787316e-07,115567.00003516096,1.046117873090482e-07,33298.96611182604
1237,0.005,25,20.0,100.0,10.0,0.5,constant,0,0.0,0.0,2.0,True,True,True,0.2,0.4,0.15,45.0,5.0,1.75,0.25,True,0.5,1e-06,1.1e-15,0.9,True,0.051,1000000000000.0,20.0,0.45,1.0,1.0,1.0,1.0,rate_only,200.0,False,False,diffusion_limited,True,grain_cache,362412.9740951857,9.060324352379643e-10,3,6814643850.052686,7,717,15,0,732,732,717,15,0,0,0,0,732.0,732.0,0,5000,0,0.2928,3.7346045604134164e-07,118876.15525666597,1.0741573824057449e-07,34191.4914137051
1238,0.005,25,20.0,100.0,10.0,0.5,constant,0,0.0,0.0,2.0,True,True,True,0.2,0.4,0.15,45.0,5.0,1.75,0.25,True,0.5,1e-06,1.1e-15,0.9,True,0.051,1000000000000.0,20.0,0.45,1.0,1.0,1.0,1.0,rate_only,200.0,False,False,diffusion_limited,True,grain_cache,362412.9740951857,9.060324352379643e-10,4,6974080507.366929,10,700,8,0,708,708,700,8,0,0,0,0,708.0,708.0,0,5000,0,0.2832,3.5933052355114594e-07,114378.45805392714,1.0151875924749054e-07,32314.424701588352
1234,0.005,25,20.0,100.0,10.0,0.5,constant,0,0.0,1.0,2.0,True,True,True,0.2,0.4,0.15,45.0,5.0,1.75,0.25,True,0.5,1e-06,1.1e-15,0.9,True,0.051,1000000000000.0,20.0,0.45,1.0,1.0,1.0,1.0,rate_only,200.0,False,False,diffusion_limited,True,grain_cache,362412.9740951857,9.060324352379643e-10,0,6845054853.963915,10,667,20,0,687,687,667,20,0,0,0,0,687.0,687.0,0,5000,0,0.2748,3.5967571517330884e-07,114488.3359598894,1.0036442580181281e-07,31946.98895387653
1235,0.005,25,20.0,100.0,10.0,0.5,constant,0,0.0,1.0,2.0,True,True,True,0.2,0.4,0.15,45.0,5.0,1.75,0.25,True,0.5,1e-06,1.1e-15,0.9,True,0.051,1000000000000.0,20.0,0.45,1.0,1.0,1.0,1.0,rate_only,200.0,False,False,diffusion_limited,True,grain_cache,362412.9740951857,9.060324352379643e-10,1,6799012118.307462,4,725,10,0,735,735,725,10,0,0,0,0,735.0,735.0,0,5000,0,0.294,3.6784755733346097e-07,117089.51410779935,1.0810394027992556e-07,34410.552926522396
1236,0.005,25,20.0,100.0,10.0,0.5,constant,0,0.0,1.0,2.0,True,True,True,0.2,0.4,0.15,45.0,5.0,1.75,0.25,True,0.5,1e-06,1.1e-15,0.9,True,0.051,1000000000000.0,20.0,0.45,1.0,1.0,1.0,1.0,rate_only,200.0,False,False,diffusion_limited,True,grain_cache,362412.9740951857,9.060324352379643e-10,2,6830023195.711787,9,709,9,0,718,718,709,9,0,0,0,0,718.0,718.0,0,5000,0,0.2872,3.710089888993299e-07,118095.82902970891,1.0512409393437997e-07,33462.0383754266
1237,0.005,25,20.0,100.0,10.0,0.5,constant,0,0.0,1.0,2.0,True,True,True,0.2,0.4,0.15,45.0,5.0,1.75,0.25,True,0.5,1e-06,1.1e-15,0.9,True,0.051,1000000000000.0,20.0,0.45,1.0,1.0,1.0,1.0,rate_only,200.0,False,False,diffusion_limited,True,grain_cache,362412.9740951857,9.060324352379643e-10,3,6929311288.513773,12,702,15,0,717,717,702,15,0,0,0,0,717.0,717.0,0,5000,0,0.2868,3.66270166590302e-07,116587.41503987704,1.0347348677905696e-07,32936.63379968158
1238,0.005,25,20.0,100.0,10.0,0.5,constant,0,0.0,1.0,2.0,True,True,True,0.2,0.4,0.15,45.0,5.0,1.75,0.25,True,0.5,1e-06,1.1e-15,0.9,True,0.051,1000000000000.0,20.0,0.45,1.0,1.0,1.0,1.0,rate_only,200.0,False,False,diffusion_limited,True,grain_cache,362412.9740951857,9.060324352379643e-10,4,6860729899.047593,9,718,10,0,728,728,718,10,0,0,0,0,728.0,728.0,0,5000,0,0.2912,3.645384728448775e-07,116036.19980086578,1.0611115882889676e-07,33776.23088965625
1234,0.005,25,20.0,100.0,10.0,0.5,constant,0,0.0,10.0,2.0,True,True,True,0.2,0.4,0.15,45.0,5.0,1.75,0.25,True,0.5,1e-06,1.1e-15,0.9,True,0.051,1000000000000.0,20.0,0.45,1.0,1.0,1.0,1.0,rate_only,200.0,False,False,diffusion_limited,True,grain_cache,362412.9740951857,9.060324352379643e-10,0,6795544613.337131,1,702,10,0,712,712,702,10,0,0,0,0,712.0,712.0,0,5000,0,0.2848,3.6685801386796386e-07,116774.53263992303,1.047745310364983e-07,33350.7690491878
1235,0.005,25,20.0,100.0,10.0,0.5,constant,0,0.0,10.0,2.0,True,True,True,0.2,0.4,0.15,45.0,5.0,1.75,0.25,True,0.5,1e-06,1.1e-15,0.9,True,0.051,1000000000000.0,20.0,0.45,1.0,1.0,1.0,1.0,rate_only,200.0,False,False,diffusion_limited,True,grain_cache,362412.9740951857,9.060324352379643e-10,1,6732511193.183878,5,706,11,0,717,717,706,11,0,0,0,0,717.0,717.0,0,5000,0,0.2868,3.7088686945340846e-07,118056.95720277683,1.0649815194156742e-07,33899.41462330436
1236,0.005,25,20.0,100.0,10.0,0.5,constant,0,0.0,10.0,2.0,True,True,True,0.2,0.4,0.15,45.0,5.0,1.75,0.25,True,0.5,1e-06,1.1e-15,0.9,True,0.051,1000000000000.0,20.0,0.45,1.0,1.0,1.0,1.0,rate_only,200.0,False,False,diffusion_limited,True,grain_cache,362412.9740951857,9.060324352379643e-10,2,6785669331.508442,4,710,9,0,719,719,710,9,0,0,0,0,719.0,719.0,0,5000,0,0.2876,3.7520248565280865e-07,119430.66050402084,1.0595859669456772e-07,33727.66885404202
1237,0.005,25,20.0,100.0,10.0,0.5,constant,0,0.0,10.0,2.0,True,True,True,0.2,0.4,0.15,45.0,5.0,1.75,0.25,True,0.5,1e-06,1.1e-15,0.9,True,0.051,1000000000000.0,20.0,0.45,1.0,1.0,1.0,1.0,rate_only,200.0,False,False,diffusion_limited,True,grain_cache,362412.9740951857,9.060324352379643e-10,3,6745122767.700157,8,667,15,0,682,682,667,15,0,0,0,0,682.0,682.0,0,5000,0,0.2728,3.648562205249693e-07,116137.34202875098,1.011100944323564e-07,32184.342650795683
1238,0.005,25,20.0,100.0,10.0,0.5,constant,0,0.0,10.0,2.0,True,True,True,0.2,0.4,0.15,45.0,5.0,1.75,0.25,True,0.5,1e-06,1.1e-15,0.9,True,0.051,1000000000000.0,20.0,0.45,1.0,1.0,1.0,1.0,rate_only,200.0,False,False,diffusion_limited,True,grain_cache,362412.9740951857,9.060324352379643e-10,4,6808826615.863613,16,711,6,0,717,717,711,6,0,0,0,0,717.0,717.0,0,5000,0,0.2868,3.70254691774119e-07,117855.72879763428,1.0530448790243686e-07,33519.45955886703
1234,0.005,25,20.0,100.0,100.0,0.5,constant,0,0.0,0.0,2.0,True,True,True,0.2,0.4,0.15,45.0,5.0,1.75,0.25,True,0.5,1e-06,1.1e-15,0.9,True,0.051,1000000000000.0,20.0,0.45,1.0,1.0,1.0,1.0,rate_only,200.0,False,False,diffusion_limited,True,grain_cache,3624129.740951857,9.060324352379643e-09,0,681757249.6828372,5,680,15,0,695,695,680,15,0,0,0,0,695.0,695.0,0,5000,0,0.278,3.62592403843158e-06,1154167.4679842263,1.019424436371338e-06,324492.8763143355
1235,0.005,25,20.0,100.0,100.0,0.5,constant,0,0.0,0.0,2.0,True,True,True,0.2,0.4,0.15,45.0,5.0,1.75,0.25,True,0.5,1e-06,1.1e-15,0.9,True,0.051,1000000000000.0,20.0,0.45,1.0,1.0,1.0,1.0,rate_only,200.0,False,False,diffusion_limited,True,grain_cache,3624129.740951857,9.060324352379643e-09,1,663804169.4165096,6,714,15,0,729,729,714,15,0,0,0,0,729.0,729.0,0,5000,0,0.2916,3.796300348964522e-06,1208399.9319983814,1.098215458093308e-06,349572.83747096034
1236,0.005,25,20.0,100.0,100.0,0.5,constant,0,0.0,0.0,2.0,True,True,True,0.2,0.4,0.15,45.0,5.0,1.75,0.25,True,0.5,1e-06,1.1e-15,0.9,True,0.051,1000000000000.0,20.0,0.45,1.0,1.0,1.0,1.0,rate_only,200.0,False,False,diffusion_limited,True,grain_cache,3624129.740951857,9.060324352379643e-09,2,682525038.2083808,7,697,17,0,714,714,697,17,0,0,0,0,714.0,714.0,0,5000,0,0.2856,3.63063603718439e-06,1155667.3437709315,1.046115468341265e-06,332988.89566281077
1237,0.005,25,20.0,100.0,100.0,0.5,constant,0,0.0,0.0,2.0,True,True,True,0.2,0.4,0.15,45.0,5.0,1.75,0.25,True,0.5,1e-06,1.1e-15,0.9,True,0.051,1000000000000.0,20.0,0.45,1.0,1.0,1.0,1.0,rate_only,200.0,False,False,diffusion_limited,True,grain_cache,3624129.740951857,9.060324352379643e-09,3,681465360.0330893,7,717,15,0,732,732,717,15,0,0,0,0,732.0,732.0,0,5000,0,0.2928,3.7345992170114483e-06,1188759.8517089875,1.074155845521564e-06,341914.42493162234
1238,0.005,25,20.0,100.0,100.0,0.5,constant,0,0.0,0.0,2.0,True,True,True,0.2,0.4,0.15,45.0,5.0,1.75,0.25,True,0.5,1e-06,1.1e-15,0.9,True,0.051,1000000000000.0,20.0,0.45,1.0,1.0,1.0,1.0,rate_only,200.0,False,False,diffusion_limited,True,grain_cache,3624129.740951857,9.060324352379643e-09,4,697409407.7209435,10,700,8,0,708,708,700,8,0,0,0,0,708.0,708.0,0,5000,0,0.2832,3.5932982438383357e-06,1143782.355020595,1.0151856171737996e-06,323143.6182580133
1234,0.005,25,20.0,100.0,100.0,0.5,constant,0,0.0,1.0,2.0,True,True,True,0.2,0.4,0.15,45.0,5.0,1.75,0.25,True,0.5,1e-06,1.1e-15,0.9,True,0.051,1000000000000.0,20.0,0.45,1.0,1.0,1.0,1.0,rate_only,200.0,False,False,diffusion_limited,True,grain_cache,3624129.740951857,9.060324352379643e-09,0,675731617.431538,10,663,18,0,681,681,663,18,0,0,0,0,681.0,681.0,0,5000,0,0.2724,3.615340672212239e-06,1150798.6778875068,1.0077965606944473e-06,320791.6085310651
1235,0.005,25,20.0,100.0,100.0,0.5,constant,0,0.0,1.0,2.0,True,True,True,0.2,0.4,0.15,45.0,5.0,1.75,0.25,True,0.5,1e-06,1.1e-15,0.9,True,0.051,1000000000000.0,20.0,0.45,1.0,1.0,1.0,1.0,rate_only,200.0,False,False,diffusion_limited,True,grain_cache,3624129.740951857,9.060324352379643e-09,1,680463350.6888252,8,672,15,0,687,687,672,15,0,0,0,0,687.0,687.0,0,5000,0,0.2748,3.6254707876664983e-06,1154023.1937847806,1.0096061739468523e-06,321367.6263194748
1236,0.005,25,20.0,100.0,100.0,0.5,constant,0,0.0,1.0,2.0,True,True,True,0.2,0.4,0.15,45.0,5.0,1.75,0.25,True,0.5,1e-06,1.1e-15,0.9,True,0.051,1000000000000.0,20.0,0.45,1.0,1.0,1.0,1.0,rate_only,200.0,False,False,diffusion_limited,True,grain_cache,3624129.740951857,9.060324352379643e-09,2,682442834.5137292,11,708,7,0,715,715,708,7,0,0,0,0,715.0,715.0,0,5000,0,0.286,3.6823597126499598e-06,1172131.5010213845,1.0477068024451737e-06,333495.4330403064
1237,0.005,25,20.0,100.0,100.0,0.5,constant,0,0.0,1.0,2.0,True,True,True,0.2,0.4,0.15,45.0,5.0,1.75,0.25,True,0.5,1e-06,1.1e-15,0.9,True,0.051,1000000000000.0,20.0,0.45,1.0,1.0,1.0,1.0,rate_only,200.0,False,False,diffusion_limited,True,grain_cache,3624129.740951857,9.060324352379643e-09,3,687277709.5886949,4,712,18,0,730,730,712,18,0,0,0,0,730.0,730.0,0,5000,0,0.292,3.6608200220922543e-06,1165275.204571527,1.0621616121332851e-06,338096.5418669375
1238,0.005,25,20.0,100.0,100.0,0.5,constant,0,0.0,1.0,2.0,True,True,True,0.2,0.4,0.15,45.0,5.0,1.75,0.25,True,0.5,1e-06,1.1e-15,0.9,True,0.051,1000000000000.0,20.0,0.45,1.0,1.0,1.0,1.0,rate_only,200.0,False,False,diffusion_limited,True,grain_cache,3624129.740951857,9.060324352379643e-09,4,672331929.3442004,4,701,6,0,707,707,701,6,0,0,0,0,707.0,707.0,0,5000,0,0.2828,3.6678311595365733e-06,1167506.9189334475,1.051563921245887e-06,334723.19208675885
1234,0.005,25,20.0,100.0,100.0,0.5,constant,0,0.0,10.0,2.0,True,True,True,0.2,0.4,0.15,45.0,5.0,1.75,0.25,True,0.5,1e-06,1.1e-15,0.9,True,0.051,1000000000000.0,20.0,0.45,1.0,1.0,1.0,1.0,rate_only,200.0,False,False,diffusion_limited,True,grain_cache,3624129.740951857,9.060324352379643e-09,0,684506450.5005258,10,667,20,0,687,687,667,20,0,0,0,0,687.0,687.0,0,5000,0,0.2748,3.5967520805680248e-06,1144881.7453969198,1.0036428429529785e-06,319469.43910953857
1235,0.005,25,20.0,100.0,100.0,0.5,constant,0,0.0,10.0,2.0,True,True,True,0.2,0.4,0.15,45.0,5.0,1.75,0.25,True,0.5,1e-06,1.1e-15,0.9,True,0.051,1000000000000.0,20.0,0.45,1.0,1.0,1.0,1.0,rate_only,200.0,False,False,diffusion_limited,True,grain_cache,3624129.740951857,9.060324352379643e-09,1,679902893.1486254,4,725,10,0,735,735,725,10,0,0,0,0,735.0,735.0,0,5000,0,0.294,3.678466476908029e-06,1170892.2455954838,1.0810367295191529e-06,344104.6783337387
1236,0.005,25,20.0,100.0,100.0,0.5,constant,0,0.0,10.0,2.0,True,True,True,0.2,0.4,0.15,45.0,5.0,1.75,0.25,True,0.5,1e-06,1.1e-15,0.9,True,0.051,1000000000000.0,20.0,0.45,1.0,1.0,1.0,1.0,rate_only,200.0,False,False,diffusion_limited,True,grain_cache,3624129.740951857,9.060324352379643e-09,2,683003593.7961925,9,709,9,0,718,718,709,9,0,0,0,0,718.0,718.0,0,5000,0,0.2872,3.7100829673762194e-06,1180956.0870779443,1.0512389781279106e-06,334619.7594798595
1237,0.005,25,20.0,100.0,100.0,0.5,constant,0,0.0,10.0,2.0,True,True,True,0.2,0.4,0.15,45.0,5.0,1.75,0.25,True,0.5,1e-06,1.1e-15,0.9,True,0.051,1000000000000.0,20.0,0.45,1.0,1.0,1.0,1.0,rate_only,200.0,False,False,diffusion_limited,True,grain_cache,3624129.740951857,9.060324352379643e-09,3,692932206.3824862,12,702,15,0,717,717,702,15,0,0,0,0,717.0,717.0,0,5000,0,0.2868,3.662695970288137e-06,1165872.3374282452,1.034733258745703e-06,329365.8258219274
1238,0.005,25,20.0,100.0,100.0,0.5,constant,0,0.0,10.0,2.0,True,True,True,0.2,0.4,0.15,45.0,5.0,1.75,0.25,True,0.5,1e-06,1.1e-15,0.9,True,0.051,1000000000000.0,20.0,0.45,1.0,1.0,1.0,1.0,rate_only,200.0,False,False,diffusion_limited,True,grain_cache,3624129.740951857,9.060324352379643e-09,4,686074093.2002612,9,718,10,0,728,728,718,10,0,0,0,0,728.0,728.0,0,5000,0,0.2912,3.6453788662006393e-06,1160360.1319971208,1.0611098818848723e-06,337761.7657312691
1234,0.005,25,20.0,100.0,1000.0,0.5,constant,0,0.0,0.0,2.0,True,True,True,0.2,0.4,0.15,45.0,5.0,1.75,0.25,True,0.5,1e-06,1.1e-15,0.9,True,0.051,1000000000000.0,20.0,0.45,1.0,1.0,1.0,1.0,rate_only,200.0,False,False,diffusion_limited,True,grain_cache,36241297.40951857,9.060324352379643e-08,0,68176693.08327937,5,680,15,0,695,695,680,15,0,0,0,0,695.0,695.0,0,5000,0,0.278,3.625872549993582e-05,11541510.787053876,1.0194099604553154e-05,3244882.684871539
1235,0.005,25,20.0,100.0,1000.0,0.5,constant,0,0.0,0.0,2.0,True,True,True,0.2,0.4,0.15,45.0,5.0,1.75,0.25,True,0.5,1e-06,1.1e-15,0.9,True,0.051,1000000000000.0,20.0,0.45,1.0,1.0,1.0,1.0,rate_only,200.0,False,False,diffusion_limited,True,grain_cache,36241297.40951857,9.060324352379643e-08,1,66381693.23036784,6,714,15,0,729,729,714,15,0,0,0,0,729.0,729.0,0,5000,0,0.2916,3.796227359333413e-05,12083766.986772105,1.0981943432357373e-05,3495661.164030502
1236,0.005,25,20.0,100.0,1000.0,0.5,constant,0,0.0,0.0,2.0,True,True,True,0.2,0.4,0.15,45.0,5.0,1.75,0.25,True,0.5,1e-06,1.1e-15,0.9,True,0.051,1000000000000.0,20.0,0.45,1.0,1.0,1.0,1.0,rate_only,200.0,False,False,diffusion_limited,True,grain_cache,36241297.40951857,9.060324352379643e-08,2,68254067.17482974,7,697,17,0,714,714,697,17,0,0,0,0,714.0,714.0,0,5000,0,0.2856,3.630552877754104e-05,11556408.73302142,1.0460915071494874e-05,3329812.685785833
1237,0.005,25,20.0,100.0,1000.0,0.5,constant,0,0.0,0.0,2.0,True,True,True,0.2,0.4,0.15,45.0,5.0,1.75,0.25,True,0.5,1e-06,1.1e-15,0.9,True,0.051,1000000000000.0,20.0,0.45,1.0,1.0,1.0,1.0,rate_only,200.0,False,False,diffusion_limited,True,grain_cache,36241297.40951857,9.060324352379643e-08,3,68147510.24789137,7,717,15,0,732,732,717,15,0,0,0,0,732.0,732.0,0,5000,0,0.2928,3.7345458267549073e-05,11887428.570625046,1.0741404892670304e-05,3419095.3688398954
1238,0.005,25,20.0,100.0,1000.0,0.5,constant,0,0.0,0.0,2.0,True,True,True,0.2,0.4,0.15,45.0,5.0,1.75,0.25,True,0.5,1e-06,1.1e-15,0.9,True,0.051,1000000000000.0,20.0,0.45,1.0,1.0,1.0,1.0,rate_only,200.0,False,False,diffusion_limited,True,grain_cache,36241297.40951857,9.060324352379643e-08,4,69742294.66437982,10,700,8,0,708,708,700,8,0,0,0,0,708.0,708.0,0,5000,0,0.2832,3.593228487906227e-05,11437601.510177849,1.0151659095920226e-05,3231373.451399009
1234,0.005,25,20.0,100.0,1000.0,0.5,constant,0,0.0,1.0,2.0,True,True,True,0.2,0.4,0.15,45.0,5.0,1.75,0.25,True,0.5,1e-06,1.1e-15,0.9,True,0.051,1000000000000.0,20.0,0.45,1.0,1.0,1.0,1.0,rate_only,200.0,False,False,diffusion_limited,True,grain_cache,36241297.40951857,9.060324352379643e-08,0,67499245.25394838,2,702,15,0,717,717,702,15,0,0,0,0,717.0,717.0,0,5000,0,0.2868,3.740782568012936e-05,11907280.734625056,1.0622340995110001e-05,3381196.153158877
1235,0.005,25,20.0,100.0,1000.0,0.5,constant,0,0.0,1.0,2.0,True,True,True,0.2,0.4,0.15,45.0,5.0,1.75,0.25,True,0.5,1e-06,1.1e-15,0.9,True,0.051,1000000000000.0,20.0,0.45,1.0,1.0,1.0,1.0,rate_only,200.0,False,False,diffusion_limited,True,grain_cache,36241297.40951857,9.060324352379643e-08,1,67774806.22200742,7,697,12,0,709,709,697,12,0,0,0,0,709.0,709.0,0,5000,0,0.2836,3.694588209957753e-05,11760239.52607627,1.0461114380431498e-05,3329876.127790765
1236,0.005,25,20.0,100.0,1000.0,0.5,constant,0,0.0,1.0,2.0,True,True,True,0.2,0.4,0.15,45.0,5.0,1.75,0.25,True,0.5,1e-06,1.1e-15,0.9,True,0.051,1000000000000.0,20.0,0.45,1.0,1.0,1.0,1.0,rate_only,200.0,False,False,diffusion_limited,True,grain_cache,36241297.40951857,9.060324352379643e-08,2,68215378.42574748,7,697,17,0,714,714,697,17,0,0,0,0,714.0,714.0,0,5000,0,0.2856,3.632611966958896e-05,11562963.017525617,1.0466848040390038e-05,3331701.208439585
1237,0.005,25,20.0,100.0,1000.0,0.5,constant,0,0.0,1.0,2.0,True,True,True,0.2,0.4,0.15,45.0,5.0,1.75,0.25,True,0.5,1e-06,1.1e-15,0.9,True,0.051,1000000000000.0,20.0,0.45,1.0,1.0,1.0,1.0,rate_only,200.0,False,False,diffusion_limited,True,grain_cache,36241297.40951857,9.060324352379643e-08,3,67015645.30664125,26,689,18,0,707,707,689,18,0,0,0,0,707.0,707.0,0,5000,0,0.2828,3.8304488276644416e-05,12192697.303667024,1.0549775306422907e-05,3358097.7770520397
1238,0.005,25,20.0,100.0,1000.0,0.5,constant,0,0.0,1.0,2.0,True,True,True,0.2,0.4,0.15,45.0,5.0,1.75,0.25,True,0.5,1e-06,1.1e-15,0.9,True,0.051,1000000000000.0,20.0,0.45,1.0,1.0,1.0,1.0,rate_only,200.0,False,False,diffusion_limited,True,grain_cache,36241297.40951857,9.060324352379643e-08,4,68767669.4310411,6,713,11,0,724,724,713,11,0,0,0,0,724.0,724.0,0,5000,0,0.2896,3.6339751233040536e-05,11567302.078936394,1.0528203238383893e-05,3351231.174529792
1234,0.005,25,20.0,100.0,1000.0,0.5,constant,0,0.0,10.0,2.0,True,True,True,0.2,0.4,0.15,45.0,5.0,1.75,0.25,True,0.5,1e-06,1.1e-15,0.9,True,0.051,1000000000000.0,20.0,0.45,1.0,1.0,1.0,1.0,rate_only,200.0,False,False,diffusion_limited,True,grain_cache,36241297.40951857,9.060324352379643e-08,0,67574109.11946948,10,663,18,0,681,681,663,18,0,0,0,0,681.0,681.0,0,5000,0,0.2724,3.615289985815177e-05,11507825.439062266,1.0077824315759865e-05,3207871.11092976
1235,0.005,25,20.0,100.0,1000.0,0.5,constant,0,0.0,10.0,2.0,True,True,True,0.2,0.4,0.15,45.0,5.0,1.75,0.25,True,0.5,1e-06,1.1e-15,0.9,True,0.051,1000000000000.0,20.0,0.45,1.0,1.0,1.0,1.0,rate_only,200.0,False,False,diffusion_limited,True,grain_cache,36241297.40951857,9.060324352379643e-08,1,68047273.84491567,8,672,15,0,687,687,672,15,0,0,0,0,687.0,687.0,0,5000,0,0.2748,3.625420770892982e-05,11540072.729512952,1.0095922454817505e-05,3213631.9275133354
1236,0.005,25,20.0,100.0,1000.0,0.5,constant,0,0.0,10.0,2.0,True,True,True,0.2,0.4,0.15,45.0,5.0,1.75,0.25,True,0.5,1e-06,1.1e-15,0.9,True,0.051,1000000000000.0,20.0,0.45,1.0,1.0,1.0,1.0,rate_only,200.0,False,False,diffusion_limited,True,grain_cache,36241297.40951857,9.060324352379643e-08,2,68245198.20718408,11,708,7,0,715,715,708,7,0,0,0,0,715.0,715.0,0,5000,0,0.286,3.6823103544528355e-05,11721157.898192756,1.0476927590265728e-05,3334909.628813299
1237,0.005,25,20.0,100.0,1000.0,0.5,constant,0,0.0,10.0,2.0,True,True,True,0.2,0.4,0.15,45.0,5.0,1.75,0.25,True,0.5,1e-06,1.1e-15,0.9,True,0.051,1000000000000.0,20.0,0.45,1.0,1.0,1.0,1.0,rate_only,200.0,False,False,diffusion_limited,True,grain_cache,36241297.40951857,9.060324352379643e-08,3,68729299.44855288,4,712,18,0,730,730,712,18,0,0,0,0,730.0,730.0,0,5000,0,0.292,3.660738608114789e-05,11652492.896976264,1.0621379904307615e-05,3380890.2284549573
1238,0.005,25,20.0,100.0,1000.0,0.5,constant,0,0.0,10.0,2.0,True,True,True,0.2,0.4,0.15,45.0,5.0,1.75,0.25,True,0.5,1e-06,1.1e-15,0.9,True,0.051,1000000000000.0,20.0,0.45,1.0,1.0,1.0,1.0,rate_only,200.0,False,False,diffusion_limited,True,grain_cache,36241297.40951857,9.060324352379643e-08,4,67234472.08090217,4,701,6,0,707,707,701,6,0,0,0,0,707.0,707.0,0,5000,0,0.2828,3.667761378467732e-05,11674847.069293667,1.0515439150757043e-05,3347168.2392500495
1234,0.005,25,50.0,100.0,10.0,0.5,constant,0,0.0,0.0,2.0,True,True,True,0.2,0.4,0.15,45.0,5.0,1.75,0.25,True,0.5,1e-06,1.1e-15,0.9,True,0.051,1000000000000.0,20.0,0.45,1.0,1.0,1.0,1.0,rate_only,200.0,False,False,diffusion_limited,True,grain_cache,362412.9740951857,9.060324352379643e-10,0,6764248034.419345,5,679,11,0,690,690,679,11,0,0,0,0,690.0,690.0,0,5000,0,0.276,3.651551491653764e-07,116232.49397025604,1.0200690401785818e-07,32469.80600788529
1235,0.005,25,50.0,100.0,10.0,0.5,constant,0,0.0,0.0,2.0,True,True,True,0.2,0.4,0.15,45.0,5.0,1.75,0.25,True,0.5,1e-06,1.1e-15,0.9,True,0.051,1000000000000.0,20.0,0.45,1.0,1.0,1.0,1.0,rate_only,200.0,False,False,diffusion_limited,True,grain_cache,362412.9740951857,9.060324352379643e-10,1,6612098986.027102,8,678,21,0,699,699,678,21,0,0,0,0,699.0,699.0,0,5000,0,0.2796,3.8323685192174665e-07,121988.07871664538,1.0571529577478332e-07,33650.22376595703
1236,0.005,25,50.0,100.0,10.0,0.5,constant,0,0.0,0.0,2.0,True,True,True,0.2,0.4,0.15,45.0,5.0,1.75,0.25,True,0.5,1e-06,1.1e-15,0.9,True,0.051,1000000000000.0,20.0,0.45,1.0,1.0,1.0,1.0,rate_only,200.0,False,False,diffusion_limited,True,grain_cache,362412.9740951857,9.060324352379643e-10,2,6910106498.311793,2,700,19,0,719,719,700,19,0,0,0,0,719.0,719.0,0,5000,0,0.2876,3.643938050180807e-07,115990.15060138365,1.0405049476092138e-07,33120.30114471598
1237,0.005,25,50.0,100.0,10.0,0.5,constant,0,0.0,0.0,2.0,True,True,True,0.2,0.4,0.15,45.0,5.0,1.75,0.25,True,0.5,1e-06,1.1e-15,0.9,True,0.051,1000000000000.0,20.0,0.45,1.0,1.0,1.0,1.0,rate_only,200.0,False,False,diffusion_limited,True,grain_cache,362412.9740951857,9.060324352379643e-10,3,6963515659.505114,5,676,14,0,690,690,676,14,0,0,0,0,690.0,690.0,0,5000,0,0.276,3.5370064783842843e-07,112586.41295658315,9.908787941880455e-08,31540.651619992845
1238,0.005,25,50.0,100.0,10.0,0.5,constant,0,0.0,0.0,2.0,True,True,True,0.2,0.4,0.15,45.0,5.0,1.75,0.25,True,0.5,1e-06,1.1e-15,0.9,True,0.051,1000000000000.0,20.0,0.45,1.0,1.0,1.0,1.0,rate_only,200.0,False,False,diffusion_limited,True,grain_cache,362412.9740951857,9.060324352379643e-10,4,6906455364.011033,5,675,12,0,687,687,675,12,0,0,0,0,687.0,687.0,0,5000,0,0.2748,3.5155515702774347e-07,111903.48202082566,9.947215522160617e-08,31662.97040704581
1234,0.005,25,50.0,100.0,10.0,0.5,constant,0,0.0,1.0,2.0,True,True,True,0.2,0.4,0.15,45.0,5.0,1.75,0.25,True,0.5,1e-06,1.1e-15,0.9,True,0.051,1000000000000.0,20.0,0.45,1.0,1.0,1.0,1.0,rate_only,200.0,False,False,diffusion_limited,True,grain_cache,362412.9740951857,9.060324352379643e-10,0,6795932236.443796,6,678,14,0,692,692,678,14,0,0,0,0,692.0,692.0,0,5000,0,0.2768,3.7213437568403207e-07,118454.05076906021,1.0182561802030455e-07,32412.100882637274
1235,0.005,25,50.0,100.0,10.0,0.5,constant,0,0.0,1.0,2.0,True,True,True,0.2,0.4,0.15,45.0,5.0,1.75,0.25,True,0.5,1e-06,1.1e-15,0.9,True,0.051,1000000000000.0,20.0,0.45,1.0,1.0,1.0,1.0,rate_only,200.0,False,False,diffusion_limited,True,grain_cache,362412.9740951857,9.060324352379643e-10,1,6789493617.347501,7,705,12,0,717,717,705,12,0,0,0,0,717.0,717.0,0,5000,0,0.2868,3.693942643368767e-07,117581.84623801627,1.056043411202315e-07,33614.90580249508
1236,0.005,25,50.0,100.0,10.0,0.5,constant,0,0.0,1.0,2.0,True,True,True,0.2,0.4,0.15,45.0,5.0,1.75,0.25,True,0.5,1e-06,1.1e-15,0.9,True,0.051,1000000000000.0,20.0,0.45,1.0,1.0,1.0,1.0,rate_only,200.0,False,False,diffusion_limited,True,grain_cache,362412.9740951857,9.060324352379643e-10,2,6781761245.181755,5,675,14,0,689,689,675,14,0,0,0,0,689.0,689.0,0,5000,0,0.2756,3.6922561993449997e-07,117528.1650574902,1.0159602721041153e-07,32339.019858071388
1237,0.005,25,50.0,100.0,10.0,0.5,constant,0,0.0,1.0,2.0,True,True,True,0.2,0.4,0.15,45.0,5.0,1.75,0.25,True,0.5,1e-06,1.1e-15,0.9,True,0.051,1000000000000.0,20.0,0.45,1.0,1.0,1.0,1.0,rate_only,200.0,False,False,diffusion_limited,True,grain_cache,362412.9740951857,9.060324352379643e-10,3,6794935375.305087,3,695,8,0,703,703,695,8,0,0,0,0,703.0,703.0,0,5000,0,0.2812,3.676267487515055e-07,117019.22855320868,1.0345940927634442e-07,32932.1527913954
1238,0.005,25,50.0,100.0,10.0,0.5,constant,0,0.0,1.0,2.0,True,True,True,0.2,0.4,0.15,45.0,5.0,1.75,0.25,True,0.5,1e-06,1.1e-15,0.9,True,0.051,1000000000000.0,20.0,0.45,1.0,1.0,1.0,1.0,rate_only,200.0,False,False,diffusion_limited,True,grain_cache,362412.9740951857,9.060324352379643e-10,4,6691652134.765611,6,682,13,0,695,695,682,13,0,0,0,0,695.0,695.0,0,5000,0,0.278,3.709098963924157e-07,118064.2869051114,1.0386074858691737e-07,33059.903061664954
1234,0.005,25,50.0,100.0,10.0,0.5,constant,0,0.0,10.0,2.0,True,True,True,0.2,0.4,0.15,45.0,5.0,1.75,0.25,True,0.5,1e-06,1.1e-15,0.9,True,0.051,1000000000000.0,20.0,0.45,1.0,1.0,1.0,1.0,rate_only,200.0,False,False,diffusion_limited,True,grain_cache,362412.9740951857,9.060324352379643e-10,0,6798520341.96804,11,656,14,0,670,670,656,14,0,0,0,0,670.0,670.0,0,5000,0,0.268,3.6875671085721455e-07,117378.90666246891,9.855085611261817e-08,31369.71179252261
1235,0.005,25,50.0,100.0,10.0,0.5,constant,0,0.0,10.0,2.0,True,True,True,0.2,0.4,0.15,45.0,5.0,1.75,0.25,True,0.5,1e-06,1.1e-15,0.9,True,0.051,1000000000000.0,20.0,0.45,1.0,1.0,1.0,1.0,rate_only,200.0,False,False,diffusion_limited,True,grain_cache,362412.9740951857,9.060324352379643e-10,1,6789132425.802438,2,685,13,0,698,698,685,13,0,0,0,0,698.0,698.0,0,5000,0,0.2792,3.64847795660317e-07,116134.66031104237,1.0281136914448981e-07,32725.875210782226
1236,0.005,25,50.0,100.0,10.0,0.5,constant,0,0.0,10.0,2.0,True,True,True,0.2,0.4,0.15,45.0,5.0,1.75,0.25,True,0.5,1e-06,1.1e-15,0.9,True,0.051,1000000000000.0,20.0,0.45,1.0,1.0,1.0,1.0,rate_only,200.0,False,False,diffusion_limited,True,grain_cache,362412.9740951857,9.060324352379643e-10,2,6767778414.992107,3,648,10,0,658,658,648,10,0,0,0,0,658.0,658.0,0,5000,0,0.2632,3.6629449842927385e-07,116595.16010477081,9.722540539187664e-08,30947.807724461152
1237,0.005,25,50.0,100.0,10.0,0.5,constant,0,0.0,10.0,2.0,True,True,True,0.2,0.4,0.15,45.0,5.0,1.75,0.25,True,0.5,1e-06,1.1e-15,0.9,True,0.051,1000000000000.0,20.0,0.45,1.0,1.0,1.0,1.0,rate_only,200.0,False,False,diffusion_limited,True,grain_cache,362412.9740951857,9.060324352379643e-10,3,6752485758.735136,4,651,14,0,665,665,651,14,0,0,0,0,665.0,665.0,0,5000,0,0.266,3.6208887917121547e-07,115256.46991740589,9.84822513901261e-08,31347.874231114485
1238,0.005,25,50.0,100.0,10.0,0.5,constant,0,0.0,10.0,2.0,True,True,True,0.2,0.4,0.15,45.0,5.0,1.75,0.25,True,0.5,1e-06,1.1e-15,0.9,True,0.051,1000000000000.0,20.0,0.45,1.0,1.0,1.0,1.0,rate_only,200.0,False,False,diffusion_limited,True,grain_cache,362412.9740951857,9.060324352379643e-10,4,6762126326.077865,5,640,11,0,651,651,640,11,0,0,0,0,651.0,651.0,0,5000,0,0.2604,3.651218390402442e-07,116221.89102811644,9.627149340429283e-08,30644.168108263995
1234,0.005,25,50.0,100.0,100.0,0.5,constant,0,0.0,0.0,2.0,True,True,True,0.2,0.4,0.15,45.0,5.0,1.75,0.25,True,0.5,1e-06,1.1e-15,0.9,True,0.051,1000000000000.0,20.0,0.45,1.0,1.0,1.0,1.0,rate_only,200.0,False,False,diffusion_limited,True,grain_cache,3624129.740951857,9.060324352379643e-09,0,676425908.754041,5,679,11,0,690,690,679,11,0,0,0,0,690.0,690.0,0,5000,0,0.276,3.651545524844955e-06,1162323.0404083272,1.0200673733372545e-06,324697.5295067797
1235,0.005,25,50.0,100.0,100.0,0.5,constant,0,0.0,0.0,2.0,True,True,True,0.2,0.4,0.15,45.0,5.0,1.75,0.25,True,0.5,1e-06,1.1e-15,0.9,True,0.051,1000000000000.0,20.0,0.45,1.0,1.0,1.0,1.0,rate_only,200.0,False,False,diffusion_limited,True,grain_cache,3624129.740951857,9.060324352379643e-09,1,661210533.1069736,8,678,21,0,699,699,678,21,0,0,0,0,699.0,699.0,0,5000,0,0.2796,3.832364841638175e-06,1219879.616556608,1.0571519432932454e-06,336501.914748646
1236,0.005,25,50.0,100.0,100.0,0.5,constant,0,0.0,0.0,2.0,True,True,True,0.2,0.4,0.15,45.0,5.0,1.75,0.25,True,0.5,1e-06,1.1e-15,0.9,True,0.051,1000000000000.0,20.0,0.45,1.0,1.0,1.0,1.0,rate_only,200.0,False,False,diffusion_limited,True,grain_cache,3624129.740951857,9.060324352379643e-09,2,691011684.5111576,2,700,19,0,719,719,700,19,0,0,0,0,719.0,719.0,0,5000,0,0.2876,3.6439325939637455e-06,1159899.7692460045,1.0405033896187185e-06,331202.5155233825
1237,0.005,25,50.0,100.0,100.0,0.5,constant,0,0.0,0.0,2.0,True,True,True,0.2,0.4,0.15,45.0,5.0,1.75,0.25,True,0.5,1e-06,1.1e-15,0.9,True,0.051,1000000000000.0,20.0,0.45,1.0,1.0,1.0,1.0,rate_only,200.0,False,False,diffusion_limited,True,grain_cache,3624129.740951857,9.060324352379643e-09,3,696352178.8011601,5,676,14,0,690,690,676,14,0,0,0,0,690.0,690.0,0,5000,0,0.276,3.5370033655101082e-06,1125863.1387072068,9.908779221282885e-07,315406.2386146864
1238,0.005,25,50.0,100.0,100.0,0.5,constant,0,0.0,0.0,2.0,True,True,True,0.2,0.4,0.15,45.0,5.0,1.75,0.25,True,0.5,1e-06,1.1e-15,0.9,True,0.051,1000000000000.0,20.0,0.45,1.0,1.0,1.0,1.0,rate_only,200.0,False,False,diffusion_limited,True,grain_cache,3624129.740951857,9.060324352379643e-09,4,690646291.4063113,5,675,12,0,687,687,675,12,0,0,0,0,687.0,687.0,0,5000,0,0.2748,3.515547727123888e-06,1119033.5968944884,9.94720464799881e-07,316629.3579351374
1234,0.005,25,50.0,100.0,100.0,0.5,constant,0,0.0,1.0,2.0,True,True,True,0.2,0.4,0.15,45.0,5.0,1.75,0.25,True,0.5,1e-06,1.1e-15,0.9,True,0.051,1000000000000.0,20.0,0.45,1.0,1.0,1.0,1.0,rate_only,200.0,False,False,diffusion_limited,True,grain_cache,3624129.740951857,9.060324352379643e-09,0,681714584.5502944,6,671,14,0,685,685,671,14,0,0,0,0,685.0,685.0,0,5000,0,0.274,3.6085482924247312e-06,1148636.5962504281,1.0048193415898135e-06,319843.9302567249
1235,0.005,25,50.0,100.0,100.0,0.5,constant,0,0.0,1.0,2.0,True,True,True,0.2,0.4,0.15,45.0,5.0,1.75,0.25,True,0.5,1e-06,1.1e-15,0.9,True,0.051,1000000000000.0,20.0,0.45,1.0,1.0,1.0,1.0,rate_only,200.0,False,False,diffusion_limited,True,grain_cache,3624129.740951857,9.060324352379643e-09,1,674305079.9670535,4,655,13,0,668,668,655,13,0,0,0,0,668.0,668.0,0,5000,0,0.2672,3.7015886045556032e-06,1178252.24741531,9.906495143602335e-07,315333.5341640333
1236,0.005,25,50.0,100.0,100.0,0.5,constant,0,0.0,1.0,2.0,True,True,True,0.2,0.4,0.15,45.0,5.0,1.75,0.25,True,0.5,1e-06,1.1e-15,0.9,True,0.051,1000000000000.0,20.0,0.45,1.0,1.0,1.0,1.0,rate_only,200.0,False,False,diffusion_limited,True,grain_cache,3624129.740951857,9.060324352379643e-09,2,687771285.4123572,14,684,15,0,699,699,684,15,0,0,0,0,699.0,699.0,0,5000,0,0.2796,3.6043958981417805e-06,1147314.8480988317,1.016326233481688e-06,323506.6877051566
1237,0.005,25,50.0,100.0,100.0,0.5,constant,0,0.0,1.0,2.0,True,True,True,0.2,0.4,0.15,45.0,5.0,1.75,0.25,True,0.5,1e-06,1.1e-15,0.9,True,0.051,1000000000000.0,20.0,0.45,1.0,1.0,1.0,1.0,rate_only,200.0,False,False,diffusion_limited,True,grain_cache,3624129.740951857,9.060324352379643e-09,3,682259879.5273796,1,683,10,0,693,693,683,10,0,0,0,0,693.0,693.0,0,5000,0,0.2772,3.5998012981524567e-06,1145852.34149917,1.015741978672497e-06,323320.71362334077
1238,0.005,25,50.0,100.0,100.0,0.5,constant,0,0.0,1.0,2.0,True,True,True,0.2,0.4,0.15,45.0,5.0,1.75,0.25,True,0.5,1e-06,1.1e-15,0.9,True,0.051,1000000000000.0,20.0,0.45,1.0,1.0,1.0,1.0,rate_only,200.0,False,False,diffusion_limited,True,grain_cache,3624129.740951857,9.060324352379643e-09,4,676466939.4004602,9,667,14,0,681,681,667,14,0,0,0,0,681.0,681.0,0,5000,0,0.2724,3.680889419676355e-06,1171663.4922322994,1.0067010822488345e-06,320442.90691172524
1234,0.005,25,50.0,100.0,100.0,0.5,constant,0,0.0,10.0,2.0,True,True,True,0.2,0.4,0.15,45.0,5.0,1.75,0.25,True,0.5,1e-06,1.1e-15,0.9,True,0.051,1000000000000.0,20.0,0.45,1.0,1.0,1.0,1.0,rate_only,200.0,False,False,diffusion_limited,True,grain_cache,3624129.740951857,9.060324352379643e-09,0,679593849.762368,6,678,14,0,692,692,678,14,0,0,0,0,692.0,692.0,0,5000,0,0.2768,3.7213403283215553e-06,1184539.416359184,1.0182552420713785e-06,324120.7102097886
1235,0.005,25,50.0,100.0,100.0,0.5,constant,0,0.0,10.0,2.0,True,True,True,0.2,0.4,0.15,45.0,5.0,1.75,0.25,True,0.5,1e-06,1.1e-15,0.9,True,0.051,1000000000000.0,20.0,0.45,1.0,1.0,1.0,1.0,rate_only,200.0,False,False,diffusion_limited,True,grain_cache,3624129.740951857,9.060324352379643e-09,1,678950458.736213,7,705,12,0,717,717,705,12,0,0,0,0,717.0,717.0,0,5000,0,0.2868,3.6939366749502597e-06,1175816.562573547,1.0560417049199904e-06,336148.51489841833
1236,0.005,25,50.0,100.0,100.0,0.5,constant,0,0.0,10.0,2.0,True,True,True,0.2,0.4,0.15,45.0,5.0,1.75,0.25,True,0.5,1e-06,1.1e-15,0.9,True,0.051,1000000000000.0,20.0,0.45,1.0,1.0,1.0,1.0,rate_only,200.0,False,False,diffusion_limited,True,grain_cache,3624129.740951857,9.060324352379643e-09,2,678177486.3452462,5,675,14,0,689,689,675,14,0,0,0,0,689.0,689.0,0,5000,0,0.2756,3.692248785040418e-06,1175279.2905284546,1.0159582319859617e-06,323389.54919093655
1237,0.005,25,50.0,100.0,100.0,0.5,constant,0,0.0,10.0,2.0,True,True,True,0.2,0.4,0.15,45.0,5.0,1.75,0.25,True,0.5,1e-06,1.1e-15,0.9,True,0.051,1000000000000.0,20.0,0.45,1.0,1.0,1.0,1.0,rate_only,200.0,False,False,diffusion_limited,True,grain_cache,3624129.740951857,9.060324352379643e-09,3,679494110.6530055,3,695,8,0,703,703,695,8,0,0,0,0,703.0,703.0,0,5000,0,0.2812,3.6762643867499884e-06,1170191.2985279115,1.034593220130201e-06,329321.2501461656
1238,0.005,25,50.0,100.0,100.0,0.5,constant,0,0.0,10.0,2.0,True,True,True,0.2,0.4,0.15,45.0,5.0,1.75,0.25,True,0.5,1e-06,1.1e-15,0.9,True,0.051,1000000000000.0,20.0,0.45,1.0,1.0,1.0,1.0,rate_only,200.0,False,False,diffusion_limited,True,grain_cache,3624129.740951857,9.060324352379643e-09,4,669166171.0086932,6,682,13,0,695,695,682,13,0,0,0,0,695.0,695.0,0,5000,0,0.278,3.709093656451076e-06,1180641.1796299615,1.0386059996911757e-06,330598.5575515001
1234,0.005,25,50.0,100.0,1000.0,0.5,constant,0,0.0,0.0,2.0,True,True,True,0.2,0.4,0.15,45.0,5.0,1.75,0.25,True,0.5,1e-06,1.1e-15,0.9,True,0.051,1000000000000.0,20.0,0.45,1.0,1.0,1.0,1.0,rate_only,200.0,False,False,diffusion_limited,True,grain_cache,36241297.40951857,9.060324352379643e-08,0,67643178.76303026,5,679,11,0,690,690,679,11,0,0,0,0,690.0,690.0,0,5000,0,0.276,3.651513789221797e-05,11623129.38645732,1.020058507920259e-05,3246947.075569049
1235,0.005,25,50.0,100.0,1000.0,0.5,constant,0,0.0,0.0,2.0,True,True,True,0.2,0.4,0.15,45.0,5.0,1.75,0.25,True,0.5,1e-06,1.1e-15,0.9,True,0.051,1000000000000.0,20.0,0.45,1.0,1.0,1.0,1.0,rate_only,200.0,False,False,diffusion_limited,True,grain_cache,36241297.40951857,9.060324352379643e-08,1,66121649.13134055,8,678,21,0,699,699,678,21,0,0,0,0,699.0,699.0,0,5000,0,0.2796,3.832330308287678e-05,12198686.242497418,1.0571424173216602e-05,3364988.825377149
1236,0.005,25,50.0,100.0,1000.0,0.5,constant,0,0.0,0.0,2.0,True,True,True,0.2,0.4,0.15,45.0,5.0,1.75,0.25,True,0.5,1e-06,1.1e-15,0.9,True,0.051,1000000000000.0,20.0,0.45,1.0,1.0,1.0,1.0,rate_only,200.0,False,False,diffusion_limited,True,grain_cache,36241297.40951857,9.060324352379643e-08,2,69101816.98213202,2,700,19,0,719,719,700,19,0,0,0,0,719.0,719.0,0,5000,0,0.2876,3.643898395104561e-05,11598888.834110301,1.0404936243368466e-05,3311994.071376214
1237,0.005,25,50.0,100.0,1000.0,0.5,constant,0,0.0,0.0,2.0,True,True,True,0.2,0.4,0.15,45.0,5.0,1.75,0.25,True,0.5,1e-06,1.1e-15,0.9,True,0.051,1000000000000.0,20.0,0.45,1.0,1.0,1.0,1.0,rate_only,200.0,False,False,diffusion_limited,True,grain_cache,36241297.40951857,9.060324352379643e-08,3,69635783.33508499,5,676,14,0,690,690,676,14,0,0,0,0,690.0,690.0,0,5000,0,0.276,3.536974644412527e-05,11258539.964979045,9.908698760229978e-06,3154036.7745982707
1238,0.005,25,50.0,100.0,1000.0,0.5,constant,0,0.0,0.0,2.0,True,True,True,0.2,0.4,0.15,45.0,5.0,1.75,0.25,True,0.5,1e-06,1.1e-15,0.9,True,0.051,1000000000000.0,20.0,0.45,1.0,1.0,1.0,1.0,rate_only,200.0,False,False,diffusion_limited,True,grain_cache,36241297.40951857,9.060324352379643e-08,4,69065215.48560114,5,675,12,0,687,687,675,12,0,0,0,0,687.0,687.0,0,5000,0,0.2748,3.515517881076031e-05,11190240.96602392,9.947120198926e-06,3166266.6983766197
1234,0.005,25,50.0,100.0,1000.0,0.5,constant,0,0.0,1.0,2.0,True,True,True,0.2,0.4,0.15,45.0,5.0,1.75,0.25,True,0.5,1e-06,1.1e-15,0.9,True,0.051,1000000000000.0,20.0,0.45,1.0,1.0,1.0,1.0,rate_only,200.0,False,False,diffusion_limited,True,grain_cache,36241297.40951857,9.060324352379643e-08,0,67658911.18730095,2,688,16,0,704,704,688,16,0,0,0,0,704.0,704.0,0,5000,0,0.2816,3.7556028546863845e-05,11954455.17226742,1.040513345021336e-05,3312056.8442645664
1235,0.005,25,50.0,100.0,1000.0,0.5,constant,0,0.0,1.0,2.0,True,True,True,0.2,0.4,0.15,45.0,5.0,1.75,0.25,True,0.5,1e-06,1.1e-15,0.9,True,0.051,1000000000000.0,20.0,0.45,1.0,1.0,1.0,1.0,rate_only,200.0,False,False,diffusion_limited,True,grain_cache,36241297.40951857,9.060324352379643e-08,1,66291158.15430462,10,688,14,0,702,702,688,14,0,0,0,0,702.0,702.0,0,5000,0,0.2808,3.813479912533168e-05,12138683.569226041,1.0589647541923592e-05,3370789.5037961556
1236,0.005,25,50.0,100.0,1000.0,0.5,constant,0,0.0,1.0,2.0,True,True,True,0.2,0.4,0.15,45.0,5.0,1.75,0.25,True,0.5,1e-06,1.1e-15,0.9,True,0.051,1000000000000.0,20.0,0.45,1.0,1.0,1.0,1.0,rate_only,200.0,False,False,diffusion_limited,True,grain_cache,36241297.40951857,9.060324352379643e-08,2,69078902.8442677,6,690,12,0,702,702,690,12,0,0,0,0,702.0,702.0,0,5000,0,0.2808,3.6262880515738677e-05,11542833.369661175,1.0162292264290838e-05,3234758.0940128323
1237,0.005,25,50.0,100.0,1000.0,0.5,constant,0,0.0,1.0,2.0,True,True,True,0.2,0.4,0.15,45.0,5.0,1.75,0.25,True,0.5,1e-06,1.1e-15,0.9,True,0.051,1000000000000.0,20.0,0.45,1.0,1.0,1.0,1.0,rate_only,200.0,False,False,diffusion_limited,True,grain_cache,36241297.40951857,9.060324352379643e-08,3,67905102.52786845,19,705,13,0,718,718,705,13,0,0,0,0,718.0,718.0,0,5000,0,0.2872,3.744932126354342e-05,11920489.189058714,1.05735794994983e-05,3365674.887040565
1238,0.005,25,50.0,100.0,1000.0,0.5,constant,0,0.0,1.0,2.0,True,True,True,0.2,0.4,0.15,45.0,5.0,1.75,0.25,True,0.5,1e-06,1.1e-15,0.9,True,0.051,1000000000000.0,20.0,0.45,1.0,1.0,1.0,1.0,rate_only,200.0,False,False,diffusion_limited,True,grain_cache,36241297.40951857,9.060324352379643e-08,4,69115732.91754732,18,651,10,0,661,661,651,10,0,0,0,0,661.0,661.0,0,5000,0,0.2644,3.5216294427546305e-05,11209694.671047121,9.563669111178351e-06,3044210.4262786144
1234,0.005,25,50.0,100.0,1000.0,0.5,constant,0,0.0,10.0,2.0,True,True,True,0.2,0.4,0.15,45.0,5.0,1.75,0.25,True,0.5,1e-06,1.1e-15,0.9,True,0.051,1000000000000.0,20.0,0.45,1.0,1.0,1.0,1.0,rate_only,200.0,False,False,diffusion_limited,True,grain_cache,36241297.40951857,9.060324352379643e-08,0,68172005.56172907,6,671,14,0,685,685,671,14,0,0,0,0,685.0,685.0,0,5000,0,0.274,3.6085193324296354e-05,11486273.779976852,1.0048112775261383e-05,3198413.633855343
1235,0.005,25,50.0,100.0,1000.0,0.5,constant,0,0.0,10.0,2.0,True,True,True,0.2,0.4,0.15,45.0,5.0,1.75,0.25,True,0.5,1e-06,1.1e-15,0.9,True,0.051,1000000000000.0,20.0,0.45,1.0,1.0,1.0,1.0,rate_only,200.0,False,False,diffusion_limited,True,grain_cache,36241297.40951857,9.060324352379643e-08,1,67431099.47820835,4,655,13,0,668,668,655,13,0,0,0,0,668.0,668.0,0,5000,0,0.2672,3.701556135543408e-05,11782419.122077338,9.906408247367774e-06,3153307.6817098004
1236,0.005,25,50.0,100.0,1000.0,0.5,constant,0,0.0,10.0,2.0,True,True,True,0.2,0.4,0.15,45.0,5.0,1.75,0.25,True,0.5,1e-06,1.1e-15,0.9,True,0.051,1000000000000.0,20.0,0.45,1.0,1.0,1.0,1.0,rate_only,200.0,False,False,diffusion_limited,True,grain_cache,36241297.40951857,9.060324352379643e-08,2,68777726.4612571,14,684,15,0,699,699,684,15,0,0,0,0,699.0,699.0,0,5000,0,0.2796,3.60436456328116e-05,11473048.73902914,1.0163173980369224e-05,3235038.752957389
1237,0.005,25,50.0,100.0,1000.0,0.5,constant,0,0.0,10.0,2.0,True,True,True,0.2,0.4,0.15,45.0,5.0,1.75,0.25,True,0.5,1e-06,1.1e-15,0.9,True,0.051,1000000000000.0,20.0,0.45,1.0,1.0,1.0,1.0,rate_only,200.0,False,False,diffusion_limited,True,grain_cache,36241297.40951857,9.060324352379643e-08,3,68226583.22205,1,683,10,0,693,693,683,10,0,0,0,0,693.0,693.0,0,5000,0,0.2772,3.5997698902885274e-05,11458423.440655774,1.0157331164372759e-05,3233178.9268625616
1238,0.005,25,50.0,100.0,1000.0,0.5,constant,0,0.0,10.0,2.0,True,True,True,0.2,0.4,0.15,45.0,5.0,1.75,0.25,True,0.5,1e-06,1.1e-15,0.9,True,0.051,1000000000000.0,20.0,0.45,1.0,1.0,1.0,1.0,rate_only,200.0,False,False,diffusion_limited,True,grain_cache,36241297.40951857,9.060324352379643e-08,4,67647277.22322808,9,667,14,0,681,681,667,14,0,0,0,0,681.0,681.0,0,5000,0,0.2724,3.680857681504744e-05,11716533.896585064,1.0066924020500927e-05,3204401.439186517
1234,0.005,25,150.0,100.0,10.0,0.5,constant,0,0.0,0.0,2.0,True,True,True,0.2,0.4,0.15,45.0,5.0,1.75,0.25,True,0.5,1e-06,1.1e-15,0.9,True,0.051,1000000000000.0,20.0,0.45,1.0,1.0,1.0,1.0,rate_only,200.0,False,False,diffusion_limited,True,grain_cache,362412.9740951857,9.060324352379643e-10,0,6747192352.929137,239,0,417,0,417,417,0,417,0,0,0,0,417.0,417.0,0,5000,0,0.1668,3.398450614802092e-07,108176.04283988869,6.18034847960084e-08,19672.66021117906
1235,0.005,25,150.0,100.0,10.0,0.5,constant,0,0.0,0.0,2.0,True,True,True,0.2,0.4,0.15,45.0,5.0,1.75,0.25,True,0.5,1e-06,1.1e-15,0.9,True,0.051,1000000000000.0,20.0,0.45,1.0,1.0,1.0,1.0,rate_only,200.0,False,False,diffusion_limited,True,grain_cache,362412.9740951857,9.060324352379643e-10,1,6820080069.358908,244,0,434,0,434,434,0,434,0,0,0,0,434.0,434.0,0,5000,0,0.1736,3.4119834024452144e-07,108606.80484933186,6.363561653034908e-08,20255.845855010757
1236,0.005,25,150.0,100.0,10.0,0.5,constant,0,0.0,0.0,2.0,True,True,True,0.2,0.4,0.15,45.0,5.0,1.75,0.25,True,0.5,1e-06,1.1e-15,0.9,True,0.051,1000000000000.0,20.0,0.45,1.0,1.0,1.0,1.0,rate_only,200.0,False,False,diffusion_limited,True,grain_cache,362412.9740951857,9.060324352379643e-10,2,6889339424.71518,233,0,425,0,425,425,0,425,0,0,0,0,425.0,425.0,0,5000,0,0.17,3.283333655887503e-07,104511.75623089602,6.168951387056537e-08,19636.382138873036
1237,0.005,25,150.0,100.0,10.0,0.5,constant,0,0.0,0.0,2.0,True,True,True,0.2,0.4,0.15,45.0,5.0,1.75,0.25,True,0.5,1e-06,1.1e-15,0.9,True,0.051,1000000000000.0,20.0,0.45,1.0,1.0,1.0,1.0,rate_only,200.0,False,False,diffusion_limited,True,grain_cache,362412.9740951857,9.060324352379643e-10,3,6968839607.96962,238,0,399,0,399,399,0,399,0,0,0,0,399.0,399.0,0,5000,0,0.1596,3.217178362716271e-07,102405.96784691699,5.725486916698448e-08,18224.79088801065
1238,0.005,25,150.0,100.0,10.0,0.5,constant,0,0.0,0.0,2.0,True,True,True,0.2,0.4,0.15,45.0,5.0,1.75,0.25,True,0.5,1e-06,1.1e-15,0.9,True,0.051,1000000000000.0,20.0,0.45,1.0,1.0,1.0,1.0,rate_only,200.0,False,False,diffusion_limited,True,grain_cache,362412.9740951857,9.060324352379643e-10,4,6715886818.996403,231,0,421,0,421,421,0,421,0,0,0,0,421.0,421.0,0,5000,0,0.1684,3.3934461098326926e-07,108016.74449916712,6.268717912415813e-08,19953.948852193662
1234,0.005,25,150.0,100.0,10.0,0.5,constant,0,0.0,1.0,2.0,True,True,True,0.2,0.4,0.15,45.0,5.0,1.75,0.25,True,0.5,1e-06,1.1e-15,0.9,True,0.051,1000000000000.0,20.0,0.45,1.0,1.0,1.0,1.0,rate_only,200.0,False,False,diffusion_limited,True,grain_cache,362412.9740951857,9.060324352379643e-10,0,6934468494.509617,231,0,432,0,432,432,0,432,0,0,0,0,432.0,432.0,0,5000,0,0.1728,3.2605238624851387e-07,103785.69795671776,6.229749264014064e-08,19829.907791818696
1235,0.005,25,150.0,100.0,10.0,0.5,constant,0,0.0,1.0,2.0,True,True,True,0.2,0.4,0.15,45.0,5.0,1.75,0.25,True,0.5,1e-06,1.1e-15,0.9,True,0.051,1000000000000.0,20.0,0.45,1.0,1.0,1.0,1.0,rate_only,200.0,False,False,diffusion_limited,True,grain_cache,362412.9740951857,9.060324352379643e-10,1,6797999781.0392685,225,0,462,0,462,462,0,462,0,0,0,0,462.0,462.0,0,5000,0,0.1848,3.3451016081856273e-07,106477.89121747819,6.796116723754441e-08,21632.711408300318
1236,0.005,25,150.0,100.0,10.0,0.5,constant,0,0.0,1.0,2.0,True,True,True,0.2,0.4,0.15,45.0,5.0,1.75,0.25,True,0.5,1e-06,1.1e-15,0.9,True,0.051,1000000000000.0,20.0,0.45,1.0,1.0,1.0,1.0,rate_only,200.0,False,False,diffusion_limited,True,grain_cache,362412.9740951857,9.060324352379643e-10,2,6887096988.264586,212,0,454,0,454,454,0,454,0,0,0,0,454.0,454.0,0,5000,0,0.1816,3.2422949811872365e-07,103205.45464359845,6.592037265826267e-08,20983.106318044647
1237,0.005,25,150.0,100.0,10.0,0.5,constant,0,0.0,1.0,2.0,True,True,True,0.2,0.4,0.15,45.0,5.0,1.75,0.25,True,0.5,1e-06,1.1e-15,0.9,True,0.051,1000000000000.0,20.0,0.45,1.0,1.0,1.0,1.0,rate_only,200.0,False,False,diffusion_limited,True,grain_cache,362412.9740951857,9.060324352379643e-10,3,6757380948.828173,230,0,428,0,428,428,0,428,0,0,0,0,428.0,428.0,0,5000,0,0.1712,3.380007753441929e-07,107588.98832984299,6.333814879479622e-08,20161.158933963572
1238,0.005,25,150.0,100.0,10.0,0.5,constant,0,0.0,1.0,2.0,True,True,True,0.2,0.4,0.15,45.0,5.0,1.75,0.25,True,0.5,1e-06,1.1e-15,0.9,True,0.051,1000000000000.0,20.0,0.45,1.0,1.0,1.0,1.0,rate_only,200.0,False,False,diffusion_limited,True,grain_cache,362412.9740951857,9.060324352379643e-10,4,6821050517.745631,234,0,428,0,428,428,0,428,0,0,0,0,428.0,428.0,0,5000,0,0.1712,3.3513899274792746e-07,106678.05463734301,6.274693302542124e-08,19972.969109703765
1234,0.005,25,150.0,100.0,10.0,0.5,constant,0,0.0,10.0,2.0,True,True,True,0.2,0.4,0.15,45.0,5.0,1.75,0.25,True,0.5,1e-06,1.1e-15,0.9,True,0.051,1000000000000.0,20.0,0.45,1.0,1.0,1.0,1.0,rate_only,200.0,False,False,diffusion_limited,True,grain_cache,362412.9740951857,9.060324352379643e-10,0,6764043632.989924,156,0,348,0,348,348,0,348,0,0,0,0,348.0,348.0,0,5000,0,0.1392,3.475731570585364e-07,110635.97206384347,5.144851495379441e-08,16376.570939267345
1235,0.005,25,150.0,100.0,10.0,0.5,constant,0,0.0,10.0,2.0,True,True,True,0.2,0.4,0.15,45.0,5.0,1.75,0.25,True,0.5,1e-06,1.1e-15,0.9,True,0.051,1000000000000.0,20.0,0.45,1.0,1.0,1.0,1.0,rate_only,200.0,False,False,diffusion_limited,True,grain_cache,362412.9740951857,9.060324352379643e-10,1,6768024192.321801,164,0,340,0,340,340,0,340,0,0,0,0,340.0,340.0,0,5000,0,0.136,3.401288078449212e-07,108266.36211294524,5.023622704920644e-08,15990.687714335962
1236,0.005,25,150.0,100.0,10.0,0.5,constant,0,0.0,10.0,2.0,True,True,True,0.2,0.4,0.15,45.0,5.0,1.75,0.25,True,0.5,1e-06,1.1e-15,0.9,True,0.051,1000000000000.0,20.0,0.45,1.0,1.0,1.0,1.0,rate_only,200.0,False,False,diffusion_limited,True,grain_cache,362412.9740951857,9.060324352379643e-10,2,6880996209.987124,178,0,300,0,300,300,0,300,0,0,0,0,300.0,300.0,0,5000,0,0.12,3.3745113776255733e-07,107414.03325379026,4.3598338212216706e-08,13877.782074133109
1237,0.005,25,150.0,100.0,10.0,0.5,constant,0,0.0,10.0,2.0,True,True,True,0.2,0.4,0.15,45.0,5.0,1.75,0.25,True,0.5,1e-06,1.1e-15,0.9,True,0.051,1000000000000.0,20.0,0.45,1.0,1.0,1.0,1.0,rate_only,200.0,False,False,diffusion_limited,True,grain_cache,362412.9740951857,9.060324352379643e-10,3,6838184868.689125,147,0,280,0,280,280,0,280,0,0,0,0,280.0,280.0,0,5000,0,0.112,3.446821115925512e-07,109715.72371061357,4.094653850060006e-08,13033.688009746204
1238,0.005,25,150.0,100.0,10.0,0.5,constant,0,0.0,10.0,2.0,True,True,True,0.2,0.4,0.15,45.0,5.0,1.75,0.25,True,0.5,1e-06,1.1e-15,0.9,True,0.051,1000000000000.0,20.0,0.45,1.0,1.0,1.0,1.0,rate_only,200.0,False,False,diffusion_limited,True,grain_cache,362412.9740951857,9.060324352379643e-10,4,6832260107.068547,168,0,305,0,305,305,0,305,0,0,0,0,305.0,305.0,0,5000,0,0.122,3.4600556228154185e-07,110136.99114879605,4.4641157570165084e-08,14209.72178527191
1234,0.005,25,150.0,100.0,100.0,0.5,constant,0,0.0,0.0,2.0,True,True,True,0.2,0.4,0.15,45.0,5.0,1.75,0.25,True,0.5,1e-06,1.1e-15,0.9,True,0.051,1000000000000.0,20.0,0.45,1.0,1.0,1.0,1.0,rate_only,200.0,False,False,diffusion_limited,True,grain_cache,3624129.740951857,9.060324352379643e-09,0,674722198.2763127,239,0,417,0,417,417,0,417,0,0,0,0,417.0,417.0,0,5000,0,0.1668,3.3984356908040676e-06,1081755.6779427745,6.180321339142155e-07,196725.7382041592
1235,0.005,25,150.0,100.0,100.0,0.5,constant,0,0.0,0.0,2.0,True,True,True,0.2,0.4,0.15,45.0,5.0,1.75,0.25,True,0.5,1e-06,1.1e-15,0.9,True,0.051,1000000000000.0,20.0,0.45,1.0,1.0,1.0,1.0,rate_only,200.0,False,False,diffusion_limited,True,grain_cache,3624129.740951857,9.060324352379643e-09,1,682013269.9005729,244,0,434,0,434,434,0,434,0,0,0,0,434.0,434.0,0,5000,0,0.1736,3.4119570728282765e-06,1086059.667515948,6.363512546658667e-07,202556.8954456044
1236,0.005,25,150.0,100.0,100.0,0.5,constant,0,0.0,0.0,2.0,True,True,True,0.2,0.4,0.15,45.0,5.0,1.75,0.25,True,0.5,1e-06,1.1e-15,0.9,True,0.051,1000000000000.0,20.0,0.45,1.0,1.0,1.0,1.0,rate_only,200.0,False,False,diffusion_limited,True,grain_cache,3624129.740951857,9.060324352379643e-09,2,688936497.63203,233,0,425,0,425,425,0,425,0,0,0,0,425.0,425.0,0,5000,0,0.17,3.283321478503181e-06,1045113.6861271424,6.168928507355667e-07,196363.09310523234
1237,0.005,25,150.0,100.0,100.0,0.5,constant,0,0.0,0.0,2.0,True,True,True,0.2,0.4,0.15,45.0,5.0,1.75,0.25,True,0.5,1e-06,1.1e-15,0.9,True,0.051,1000000000000.0,20.0,0.45,1.0,1.0,1.0,1.0,rate_only,200.0,False,False,diffusion_limited,True,grain_cache,3624129.740951857,9.060324352379643e-09,3,696886662.4129125,238,0,399,0,399,399,0,399,0,0,0,0,399.0,399.0,0,5000,0,0.1596,3.2171658907020264e-06,1024055.7085037353,5.725464720740895e-07,182247.20236083423
1238,0.005,25,150.0,100.0,100.0,0.5,constant,0,0.0,0.0,2.0,True,True,True,0.2,0.4,0.15,45.0,5.0,1.75,0.25,True,0.5,1e-06,1.1e-15,0.9,True,0.051,1000000000000.0,20.0,0.45,1.0,1.0,1.0,1.0,rate_only,200.0,False,False,diffusion_limited,True,grain_cache,3624129.740951857,9.060324352379643e-09,4,671590927.7240313,231,0,421,0,421,421,0,421,0,0,0,0,421.0,421.0,0,5000,0,0.1684,3.393434762025972e-06,1080163.8328726056,6.268696949596025e-07,199538.8212546586
1234,0.005,25,150.0,100.0,100.0,0.5,constant,0,0.0,1.0,2.0,True,True,True,0.2,0.4,0.15,45.0,5.0,1.75,0.25,True,0.5,1e-06,1.1e-15,0.9,True,0.051,1000000000000.0,20.0,0.45,1.0,1.0,1.0,1.0,rate_only,200.0,False,False,diffusion_limited,True,grain_cache,3624129.740951857,9.060324352379643e-09,0,673063619.9038529,223,0,443,0,443,443,0,443,0,0,0,0,443.0,443.0,0,5000,0,0.1772,3.3904670116117453e-06,1079219.1685760312,6.581844373987744e-07,209506.61335634612
1235,0.005,25,150.0,100.0,100.0,0.5,constant,0,0.0,1.0,2.0,True,True,True,0.2,0.4,0.15,45.0,5.0,1.75,0.25,True,0.5,1e-06,1.1e-15,0.9,True,0.051,1000000000000.0,20.0,0.45,1.0,1.0,1.0,1.0,rate_only,200.0,False,False,diffusion_limited,True,grain_cache,3624129.740951857,9.060324352379643e-09,1,683266729.5347053,232,0,422,0,422,422,0,422,0,0,0,0,422.0,422.0,0,5000,0,0.1688,3.3632546422462346e-06,1070557.2023805042,6.176211745117107e-07,196594.9257635217
1236,0.005,25,150.0,100.0,100.0,0.5,constant,0,0.0,1.0,2.0,True,True,True,0.2,0.4,0.15,45.0,5.0,1.75,0.25,True,0.5,1e-06,1.1e-15,0.9,True,0.051,1000000000000.0,20.0,0.45,1.0,1.0,1.0,1.0,rate_only,200.0,False,False,diffusion_limited,True,grain_cache,3624129.740951857,9.060324352379643e-09,2,697511297.0640284,220,0,439,0,439,439,0,439,0,0,0,0,439.0,439.0,0,5000,0,0.1756,3.254427576377482e-06,1035916.4714301057,6.293804872377598e-07,200338.03125894995
1237,0.005,25,150.0,100.0,100.0,0.5,constant,0,0.0,1.0,2.0,True,True,True,0.2,0.4,0.15,45.0,5.0,1.75,0.25,True,0.5,1e-06,1.1e-15,0.9,True,0.051,1000000000000.0,20.0,0.45,1.0,1.0,1.0,1.0,rate_only,200.0,False,False,diffusion_limited,True,grain_cache,3624129.740951857,9.060324352379643e-09,3,687796401.2588446,228,0,408,0,408,408,0,408,0,0,0,0,408.0,408.0,0,5000,0,0.1632,3.2524159706356615e-06,1035276.15743538,5.931988001874609e-07,188821.04257203176
1238,0.005,25,150.0,100.0,100.0,0.5,constant,0,0.0,1.0,2.0,True,True,True,0.2,0.4,0.15,45.0,5.0,1.75,0.25,True,0.5,1e-06,1.1e-15,0.9,True,0.051,1000000000000.0,20.0,0.45,1.0,1.0,1.0,1.0,rate_only,200.0,False,False,diffusion_limited,True,grain_cache,3624129.740951857,9.060324352379643e-09,4,683374231.9107276,232,0,431,0,431,431,0,431,0,0,0,0,431.0,431.0,0,5000,0,0.1724,3.3144357721347144e-06,1055017.673391685,6.306939592892106e-07,200756.12239815286
1234,0.005,25,150.0,100.0,100.0,0.5,constant,0,0.0,10.0,2.0,True,True,True,0.2,0.4,0.15,45.0,5.0,1.75,0.25,True,0.5,1e-06,1.1e-15,0.9,True,0.051,1000000000000.0,20.0,0.45,1.0,1.0,1.0,1.0,rate_only,200.0,False,False,diffusion_limited,True,grain_cache,3624129.740951857,9.060324352379643e-09,0,693449269.6470547,231,0,432,0,432,432,0,432,0,0,0,0,432.0,432.0,0,5000,0,0.1728,3.2605124829834816e-06,1037853.3573593004,6.229727521666803e-07,198298.38583777877
1235,0.005,25,150.0,100.0,100.0,0.5,constant,0,0.0,10.0,2.0,True,True,True,0.2,0.4,0.15,45.0,5.0,1.75,0.25,True,0.5,1e-06,1.1e-15,0.9,True,0.051,1000000000000.0,20.0,0.45,1.0,1.0,1.0,1.0,rate_only,200.0,False,False,diffusion_limited,True,grain_cache,3624129.740951857,9.060324352379643e-09,1,679801709.0827338,225,0,462,0,462,462,0,462,0,0,0,0,462.0,462.0,0,5000,0,0.1848,3.3450930905548046e-06,1064776.200928684,6.796099418805276e-07,216326.56324936327
1236,0.005,25,150.0,100.0,100.0,0.5,constant,0,0.0,10.0,2.0,True,True,True,0.2,0.4,0.15,45.0,5.0,1.75,0.25,True,0.5,1e-06,1.1e-15,0.9,True,0.051,1000000000000.0,20.0,0.45,1.0,1.0,1.0,1.0,rate_only,200.0,False,False,diffusion_limited,True,grain_cache,3624129.740951857,9.060324352379643e-09,2,688711815.8935055,212,0,454,0,454,454,0,454,0,0,0,0,454.0,454.0,0,5000,0,0.1816,3.242285014528175e-06,1032051.3739498731,6.592017002220293e-07,209830.41816983538
1237,0.005,25,150.0,100.0,100.0,0.5,constant,0,0.0,10.0,2.0,True,True,True,0.2,0.4,0.15,45.0,5.0,1.75,0.25,True,0.5,1e-06,1.1e-15,0.9,True,0.051,1000000000000.0,20.0,0.45,1.0,1.0,1.0,1.0,rate_only,200.0,False,False,diffusion_limited,True,grain_cache,3624129.740951857,9.060324352379643e-09,3,675740194.5568168,230,0,428,0,428,428,0,428,0,0,0,0,428.0,428.0,0,5000,0,0.1712,3.379997251011475e-06,1075886.5402709877,6.333795198918176e-07,201610.96288790836
1238,0.005,25,150.0,100.0,100.0,0.5,constant,0,0.0,10.0,2.0,True,True,True,0.2,0.4,0.15,45.0,5.0,1.75,0.25,True,0.5,1e-06,1.1e-15,0.9,True,0.051,1000000000000.0,20.0,0.45,1.0,1.0,1.0,1.0,rate_only,200.0,False,False,diffusion_limited,True,grain_cache,3624129.740951857,9.060324352379643e-09,4,682107272.7263408,234,0,428,0,428,428,0,428,0,0,0,0,428.0,428.0,0,5000,0,0.1712,3.3513790153020926e-06,1066777.0729195531,6.274672872044163e-07,199729.04077408958
1234,0.005,25,150.0,100.0,1000.0,0.5,constant,0,0.0,0.0,2.0,True,True,True,0.2,0.4,0.15,45.0,5.0,1.75,0.25,True,0.5,1e-06,1.1e-15,0.9,True,0.051,1000000000000.0,20.0,0.45,1.0,1.0,1.0,1.0,rate_only,200.0,False,False,diffusion_limited,True,grain_cache,36241297.40951857,9.060324352379643e-08,0,67475148.2976977,239,0,417,0,417,417,0,417,0,0,0,0,417.0,417.0,0,5000,0,0.1668,3.398288196245786e-05,10817087.28966715,6.180053108741791e-06,1967172.0016533807
1235,0.005,25,150.0,100.0,1000.0,0.5,constant,0,0.0,0.0,2.0,True,True,True,0.2,0.4,0.15,45.0,5.0,1.75,0.25,True,0.5,1e-06,1.1e-15,0.9,True,0.051,1000000000000.0,20.0,0.45,1.0,1.0,1.0,1.0,rate_only,200.0,False,False,diffusion_limited,True,grain_cache,36241297.40951857,9.060324352379643e-08,1,68206495.43207432,244,0,434,0,434,434,0,434,0,0,0,0,434.0,434.0,0,5000,0,0.1736,3.41169852703753e-05,10859773.698347222,6.363030342648423e-06,2025415.4641524255
1236,0.005,25,150.0,100.0,1000.0,0.5,constant,0,0.0,0.0,2.0,True,True,True,0.2,0.4,0.15,45.0,5.0,1.75,0.25,True,0.5,1e-06,1.1e-15,0.9,True,0.051,1000000000000.0,20.0,0.45,1.0,1.0,1.0,1.0,rate_only,200.0,False,False,diffusion_limited,True,grain_cache,36241297.40951857,9.060324352379643e-08,2,68896175.93674384,233,0,425,0,425,425,0,425,0,0,0,0,425.0,425.0,0,5000,0,0.17,3.2832010909819245e-05,10450753.655889535,6.168702315063298e-06,1963558.9318094838
1237,0.005,25,150.0,100.0,1000.0,0.5,constant,0,0.0,0.0,2.0,True,True,True,0.2,0.4,0.15,45.0,5.0,1.75,0.25,True,0.5,1e-06,1.1e-15,0.9,True,0.051,1000000000000.0,20.0,0.45,1.0,1.0,1.0,1.0,rate_only,200.0,False,False,diffusion_limited,True,grain_cache,36241297.40951857,9.060324352379643e-08,3,69665646.55444543,238,0,399,0,399,399,0,399,0,0,0,0,399.0,399.0,0,5000,0,0.1596,3.218228941933125e-05,10243940.882201139,5.727356591575901e-06,1823074.2247985078
1238,0.005,25,150.0,100.0,1000.0,0.5,constant,0,0.0,0.0,2.0,True,True,True,0.2,0.4,0.15,45.0,5.0,1.75,0.25,True,0.5,1e-06,1.1e-15,0.9,True,0.051,1000000000000.0,20.0,0.45,1.0,1.0,1.0,1.0,rate_only,200.0,False,False,diffusion_limited,True,grain_cache,36241297.40951857,9.060324352379643e-08,4,67161326.00637597,231,0,421,0,421,421,0,421,0,0,0,0,421.0,421.0,0,5000,0,0.1684,3.3933219242628455e-05,10801279.154970676,6.268488504232813e-06,1995321.862326746
1234,0.005,25,150.0,100.0,1000.0,0.5,constant,0,0.0,1.0,2.0,True,True,True,0.2,0.4,0.15,45.0,5.0,1.75,0.25,True,0.5,1e-06,1.1e-15,0.9,True,0.051,1000000000000.0,20.0,0.45,1.0,1.0,1.0,1.0,rate_only,200.0,False,False,diffusion_limited,True,grain_cache,36241297.40951857,9.060324352379643e-08,0,66512041.605522364,215,0,422,0,422,422,0,422,0,0,0,0,422.0,422.0,0,5000,0,0.1688,3.491097166692909e-05,11112507.417865736,6.3447157809836675e-06,2019585.758113411
1235,0.005,25,150.0,100.0,1000.0,0.5,constant,0,0.0,1.0,2.0,True,True,True,0.2,0.4,0.15,45.0,5.0,1.75,0.25,True,0.5,1e-06,1.1e-15,0.9,True,0.051,1000000000000.0,20.0,0.45,1.0,1.0,1.0,1.0,rate_only,200.0,False,False,diffusion_limited,True,grain_cache,36241297.40951857,9.060324352379643e-08,1,67569387.68689872,244,0,425,0,425,425,0,425,0,0,0,0,425.0,425.0,0,5000,0,0.17,3.437947389377357e-05,10943326.422185665,6.289830566015397e-06,2002115.2515836882
1236,0.005,25,150.0,100.0,1000.0,0.5,constant,0,0.0,1.0,2.0,True,True,True,0.2,0.4,0.15,45.0,5.0,1.75,0.25,True,0.5,1e-06,1.1e-15,0.9,True,0.051,1000000000000.0,20.0,0.45,1.0,1.0,1.0,1.0,rate_only,200.0,False,False,diffusion_limited,True,grain_cache,36241297.40951857,9.060324352379643e-08,2,67496762.69655631,242,0,411,0,411,411,0,411,0,0,0,0,411.0,411.0,0,5000,0,0.1644,3.315714577395847e-05,10554247.297488073,6.0891809263167705e-06,1938246.4876083995
1237,0.005,25,150.0,100.0,1000.0,0.5,constant,0,0.0,1.0,2.0,True,True,True,0.2,0.4,0.15,45.0,5.0,1.75,0.25,True,0.5,1e-06,1.1e-15,0.9,True,0.051,1000000000000.0,20.0,0.45,1.0,1.0,1.0,1.0,rate_only,200.0,False,False,diffusion_limited,True,grain_cache,36241297.40951857,9.060324352379643e-08,3,68817217.53039016,237,0,433,0,433,433,0,433,0,0,0,0,433.0,433.0,0,5000,0,0.1732,3.294233741721506e-05,10485871.673901752,6.292030040429696e-06,2002815.3660341678
1238,0.005,25,150.0,100.0,1000.0,0.5,constant,0,0.0,1.0,2.0,True,True,True,0.2,0.4,0.15,45.0,5.0,1.75,0.25,True,0.5,1e-06,1.1e-15,0.9,True,0.051,1000000000000.0,20.0,0.45,1.0,1.0,1.0,1.0,rate_only,200.0,False,False,diffusion_limited,True,grain_cache,36241297.40951857,9.060324352379643e-08,4,67130133.40704219,233,0,422,0,422,422,0,422,0,0,0,0,422.0,422.0,0,5000,0,0.1688,3.360636848910742e-05,10697239.328818308,6.286297651774526e-06,2000990.6900537794
1234,0.005,25,150.0,100.0,1000.0,0.5,constant,0,0.0,10.0,2.0,True,True,True,0.2,0.4,0.15,45.0,5.0,1.75,0.25,True,0.5,1e-06,1.1e-15,0.9,True,0.051,1000000000000.0,20.0,0.45,1.0,1.0,1.0,1.0,rate_only,200.0,False,False,diffusion_limited,True,grain_cache,36241297.40951857,9.060324352379643e-08,0,67308903.58208543,223,0,443,0,443,443,0,443,0,0,0,0,443.0,443.0,0,5000,0,0.1772,3.3903389871995545e-05,10791784.17139958,6.581595842810704e-06,2094987.0236327844
1235,0.005,25,150.0,100.0,1000.0,0.5,constant,0,0.0,10.0,2.0,True,True,True,0.2,0.4,0.15,45.0,5.0,1.75,0.25,True,0.5,1e-06,1.1e-15,0.9,True,0.051,1000000000000.0,20.0,0.45,1.0,1.0,1.0,1.0,rate_only,200.0,False,False,diffusion_limited,True,grain_cache,36241297.40951857,9.060324352379643e-08,1,68327850.7935079,232,0,422,0,422,422,0,422,0,0,0,0,422.0,422.0,0,5000,0,0.1688,3.3631966662389766e-05,10705387.480442325,6.176105279168182e-06,1965915.368471132
1236,0.005,25,150.0,100.0,1000.0,0.5,constant,0,0.0,10.0,2.0,True,True,True,0.2,0.4,0.15,45.0,5.0,1.75,0.25,True,0.5,1e-06,1.1e-15,0.9,True,0.051,1000000000000.0,20.0,0.45,1.0,1.0,1.0,1.0,rate_only,200.0,False,False,diffusion_limited,True,grain_cache,36241297.40951857,9.060324352379643e-08,2,69738731.1100854,220,0,439,0,439,439,0,439,0,0,0,0,439.0,439.0,0,5000,0,0.1756,3.255006169264413e-05,10361006.432660913,6.29492382514131e-06,2003736.4863163617
1237,0.005,25,150.0,100.0,1000.0,0.5,constant,0,0.0,10.0,2.0,True,True,True,0.2,0.4,0.15,45.0,5.0,1.75,0.25,True,0.5,1e-06,1.1e-15,0.9,True,0.051,1000000000000.0,20.0,0.45,1.0,1.0,1.0,1.0,rate_only,200.0,False,False,diffusion_limited,True,grain_cache,36241297.40951857,9.060324352379643e-08,3,68781703.94878197,228,0,408,0,408,408,0,408,0,0,0,0,408.0,408.0,0,5000,0,0.1632,3.2523183805765754e-05,10352450.935547797,5.931810010170955e-06,1888153.7692013863
1238,0.005,25,150.0,100.0,1000.0,0.5,constant,0,0.0,10.0,2.0,True,True,True,0.2,0.4,0.15,45.0,5.0,1.75,0.25,True,0.5,1e-06,1.1e-15,0.9,True,0.051,1000000000000.0,20.0,0.45,1.0,1.0,1.0,1.0,rate_only,200.0,False,False,diffusion_limited,True,grain_cache,36241297.40951857,9.060324352379643e-08,4,68339282.06995654,232,0,431,0,431,431,0,431,0,0,0,0,431.0,431.0,0,5000,0,0.1724,3.31434561703677e-05,10549889.761327194,6.3067680394827725e-06,2007506.6168353292
