rng_seed,grain_radius_um,site_area_angstroms_sq,surface_temperature_k,gas_temperature_k,h_gas_density_cm3,sticking_probability,sticking_temp_model,initial_h_count,initial_h_coverage,uv_flux_factor,uv_stimulated_diffusion_factor,enable_LH,enable_diffusion,use_3d_lattice,porosity_fraction,chemisorption_fraction,surface_defect_fraction,E_phys_mean_meV,heterogeneity_E_bind_sigma_meV,E_chem_mean_eV,heterogeneity_E_chem_sigma_eV,uv_pulse_enabled,uv_defect_creation_rate,uv_pulse_duration,er_cross_section_cm2,er_reaction_probability,enable_h2_blocking,E_h2_bind_eV,h2_desorption_prefactor_s,h2_stick_transition_K,h2_stick_prob_lowT,sticking_blocking_strength,er_blocking_strength,beam_dissociation_fraction,h2_beam_stick_probability,diffusion_mode,diffusion_rate_cap_s,enable_chemisorption_diffusion,lh_exclude_chemisorption,lh_formation_mode,enable_grain_cache,grain_cache_dir,gas_flux_h_cm2_s,arrival_rate_per_site_s,final_time_mean,final_time_std,final_time_ci95,final_h_atoms_on_surface_mean,final_h_atoms_on_surface_std,final_h_atoms_on_surface_ci95,h2_formed_LH_mean,h2_formed_LH_std,h2_formed_LH_ci95,h2_formed_ER_mean,h2_formed_ER_std,h2_formed_ER_ci95,h2_formed_UV_mean,h2_formed_UV_std,h2_formed_UV_ci95,total_h2_formed_mean,total_h2_formed_std,total_h2_formed_ci95,total_h2_desorbed_mean,total_h2_desorbed_std,total_h2_desorbed_ci95,total_h2_desorbed_LH_mean,total_h2_desorbed_LH_std,total_h2_desorbed_LH_ci95,total_h2_desorbed_ER_mean,total_h2_desorbed_ER_std,total_h2_desorbed_ER_ci95,total_h2_desorbed_UV_mean,total_h2_desorbed_UV_std,total_h2_desorbed_UV_ci95,total_h2_desorbed_beam_mean,total_h2_desorbed_beam_std,total_h2_desorbed_beam_ci95,total_h2_released_formed_mean,total_h2_released_formed_std,total_h2_released_formed_ci95,total_h2_released_beam_mean,total_h2_released_beam_std,total_h2_released_beam_ci95,total_h2_released_formed_gas_mean,total_h2_released_formed_gas_std,total_h2_released_formed_gas_ci95,total_h2_released_total_gas_mean,total_h2_released_total_gas_std,total_h2_released_total_gas_ci95,h2_on_surface_mean,h2_on_surface_std,h2_on_surface_ci95,epsilon_mean,epsilon_std,epsilon_ci95,impinging_h_atoms_mean,impinging_h_atoms_std,impinging_h_atoms_ci95,impinging_h2_molecules_mean,impinging_h2_molecules_std,impinging_h2_molecules_ci95,adsorption_rate_s_mean,adsorption_rate_s_std,adsorption_rate_s_ci95,adsorption_rate_cm2_s_mean,adsorption_rate_cm2_s_std,adsorption_rate_cm2_s_ci95,h2_release_rate_s_mean,h2_release_rate_s_std,h2_release_rate_s_ci95,h2_release_rate_cm2_s_mean,h2_release_rate_cm2_s_std,h2_release_rate_cm2_s_ci95
1234,0.005,25,10.0,100.0,10.0,0.5,constant,0,0.0,0.0,2.0,True,True,True,0.2,0.4,0.15,45.0,5.0,1.75,0.25,True,0.5,1e-06,1.1e-15,0.9,True,0.051,1000000000000.0,20.0,0.45,1.0,1.0,1.0,1.0,rate_only,200.0,False,False,diffusion_limited,True,grain_cache,362412.9740951857,9.060324352379643e-10,6824104807.51893,79483175.41951583,69670075.05578648,2.8,1.7888543819998317,1.5679999999999998,828.0,14.300349646075091,12.534809132970473,3.8,2.4899799195977463,2.1825636302293683,0.0,0.0,0.0,831.8,14.839137441239636,13.007077458061053,456.0,20.12461179749811,17.639999999999997,453.6,19.39845354661036,17.003494229128318,2.4,2.073644135332772,1.8176292251171577,0.0,0.0,0.0,0.0,0.0,0.0,0.0,0.0,0.0,0.0,0.0,0.0,456.0,20.12461179749811,17.639999999999997,456.0,20.12461179749811,17.639999999999997,475.0,10.344080432788601,9.066986268876777,0.1824,0.008049844718999246,0.007056000000000002,5000.0,0.0,0.0,0.0,0.0,0.0,2.547916551856231e-07,6.4488447050083665e-09,5.652661613601408e-09,81102.70276271529,2052.7310240681554,1799.2980748609477,6.685123393205371e-08,3.572473140389017e-09,3.13141077356318e-09,21279.408664157978,1137.153518711877,996.7590069275917
1234,0.005,25,10.0,100.0,10.0,0.5,constant,0,0.0,1.0,2.0,True,True,True,0.2,0.4,0.15,45.0,5.0,1.75,0.25,True,0.5,1e-06,1.1e-15,0.9,True,0.051,1000000000000.0,20.0,0.45,1.0,1.0,1.0,1.0,rate_only,200.0,False,False,diffusion_limited,True,grain_cache,362412.9740951857,9.060324352379643e-10,6804577284.30711,41227332.58245216,36137350.328659154,3.2,1.4832396974191326,1.3001169178193166,837.8,27.179036038829633,23.82347548112995,4.6,1.1401754250991378,0.9994078246641855,0.0,0.0,0.0,842.4,27.355072655725117,23.977778379157645,473.8,35.80782037488459,31.386938429862827,471.0,36.207733980463345,31.73747816068567,2.8,1.3038404810405297,1.1428665713896788,0.0,0.0,0.0,0.0,0.0,0.0,0.0,0.0,0.0,0.0,0.0,0.0,473.8,35.80782037488459,31.386938429862827,473.8,35.80782037488459,31.386938429862827,467.4,3.0495901363953815,2.673083612609228,0.18952000000000002,0.01432312814995384,0.012554775371945133,5000.0,0.0,0.0,0.0,0.0,0.0,2.562825518806662e-07,8.182540288858627e-09,7.1723127952913125e-09,81577.26992002626,2604.583468040873,2283.018069543725,6.963493443962083e-08,5.347246993016036e-09,4.687068645395158e-09,22165.488055891423,1702.0815817435519,1491.9402870513472
1234,0.005,25,10.0,100.0,10.0,0.5,constant,0,0.0,10.0,2.0,True,True,True,0.2,0.4,0.15,45.0,5.0,1.75,0.25,True,0.5,1e-06,1.1e-15,0.9,True,0.051,1000000000000.0,20.0,0.45,1.0,1.0,1.0,1.0,rate_only,200.0,False,False,diffusion_limited,True,grain_cache,362412.9740951857,9.060324352379643e-10,6766436912.449283,49973764.990569875,43803936.35932124,2.2,1.6431676725154984,1.4402999687565088,838.0,23.73815494093844,20.807410218477454,1.6,1.5165750888103102,1.3293366766925525,0.0,0.0,0.0,839.6,23.522329816580672,20.618231155945463,474.6,21.524404753674375,18.86697262413872,473.8,21.288494545176274,18.660188209125867,0.8,0.8366600265340756,0.7333648478076925,0.0,0.0,0.0,0.0,0.0,0.0,0.2,0.44721359549995804,0.392,0.0,0.0,0.0,474.8,21.2179169571379,18.598324225585483,474.8,21.2179169571379,18.598324225585483,465.0,11.247221879201993,9.858624650528084,0.18983999999999995,0.008609761901469755,0.007546789049655494,5000.0,0.0,0.0,0.0,0.0,0.0,2.575697892631e-07,7.2070373178863265e-09,6.317246740795262e-09,81987.01030472029,2294.071228378736,2010.842091057469,7.017357038954434e-08,3.2068583177922378e-09,2.810935251575274e-09,22336.941203806073,1020.7747061439914,894.748479998932
1234,0.005,25,10.0,100.0,100.0,0.5,constant,0,0.0,0.0,2.0,True,True,True,0.2,0.4,0.15,45.0,5.0,1.75,0.25,True,0.5,1e-06,1.1e-15,0.9,True,0.051,1000000000000.0,20.0,0.45,1.0,1.0,1.0,1.0,rate_only,200.0,False,False,diffusion_limited,True,grain_cache,3624129.740951857,9.060324352379643e-09,684842317.3924967,14584957.45250854,12784278.874598492,2.6,1.5165750888103102,1.3293366766925525,833.2,16.161683080669537,14.166339823680637,1.8,0.8366600265340756,0.7333648478076925,0.0,0.0,0.0,835.0,16.55294535724685,14.50929633028425,462.6,12.700393694685216,11.132385907791734,462.0,12.103718436910205,10.609376984535896,0.6,0.8944271909999159,0.7839999999999999,0.0,0.0,0.0,0.0,0.0,0.0,0.0,0.0,0.0,0.0,0.0,0.0,462.6,12.700393694685216,11.132385907791734,462.6,12.700393694685216,11.132385907791734,474.2,13.718600511714014,12.024883533739526,0.18504,0.005080157477874082,0.00445295436311669,5000.0,0.0,0.0,0.0,0.0,0.0,2.4821642785455285e-06,8.434031289181782e-08,7.392754376492494e-08,790097.4289932979,26846.35539729985,23531.868041660488,6.760129269111223e-07,3.221737086251805e-08,2.8239770671525265e-08,215181.59782385043,10255.107652389092,8988.998188309553
1234,0.005,25,10.0,100.0,100.0,0.5,constant,0,0.0,1.0,2.0,True,True,True,0.2,0.4,0.15,45.0,5.0,1.75,0.25,True,0.5,1e-06,1.1e-15,0.9,True,0.051,1000000000000.0,20.0,0.45,1.0,1.0,1.0,1.0,rate_only,200.0,False,False,diffusion_limited,True,grain_cache,3624129.740951857,9.060324352379643e-09,680395180.6066717,9549551.416428452,8370550.87973126,3.6,2.701851217221259,2.368277010824536,827.8,22.64287967551831,19.84735911903647,3.8,2.16794833886788,1.9002905041072007,0.0,0.0,0.0,831.6,22.423202269078338,19.654803382379583,454.2,23.03692687838376,20.19275672116118,452.2,21.787611158637837,19.097683210274486,2.0,2.345207879911715,2.055665342413497,0.0,0.0,0.0,0.0,0.0,0.0,0.0,0.0,0.0,0.0,0.0,0.0,454.2,23.03692687838376,20.19275672116118,454.2,23.03692687838376,20.19275672116118,483.4,4.8270073544588685,4.23105849640489,0.18168,0.009214770751353504,0.008077102688464472,5000.0,0.0,0.0,0.0,0.0,0.0,2.4910415567428097e-06,9.680681106198291e-08,8.485491120607238e-08,792923.1544058962,30814.565010955463,27010.157128140523,6.678715451149871e-07,3.993484005776082e-08,3.500443067957605e-08,212590.1155109438,12711.654393553728,11142.25634554424
1234,0.005,25,10.0,100.0,100.0,0.5,constant,0,0.0,10.0,2.0,True,True,True,0.2,0.4,0.15,45.0,5.0,1.75,0.25,True,0.5,1e-06,1.1e-15,0.9,True,0.051,1000000000000.0,20.0,0.45,1.0,1.0,1.0,1.0,rate_only,200.0,False,False,diffusion_limited,True,grain_cache,3624129.740951857,9.060324352379643e-09,683145343.2010695,3279348.763477041,2874475.9287693007,4.2,2.387467277262665,2.0927073373981373,841.6,16.14930339054908,14.155488546849945,2.4,2.073644135332772,1.8176292251171577,0.0,0.0,0.0,844.0,16.59819267269783,14.548957350958176,467.4,19.385561637466168,16.9921939725275,466.2,19.485892332659542,17.080137704362922,1.2,1.3038404810405297,1.1428665713896788,0.0,0.0,0.0,0.0,0.0,0.0,0.0,0.0,0.0,0.0,0.0,0.0,467.4,19.385561637466168,16.9921939725275,467.4,19.385561637466168,16.9921939725275,473.0,16.015617378046965,14.038307590304465,0.18696,0.007754224654986467,0.006796877589011,5000.0,0.0,0.0,0.0,0.0,0.0,2.524160148132147e-06,3.8858237639192564e-08,3.40607470520536e-08,803465.1294616036,12368.961200234095,10841.872517474081,6.842139830093427e-07,2.895671054116188e-08,2.538167588453049e-08,217792.07505706185,9217.207236614227,8079.238361958782
1234,0.005,25,10.0,100.0,1000.0,0.5,constant,0,0.0,0.0,2.0,True,True,True,0.2,0.4,0.15,45.0,5.0,1.75,0.25,True,0.5,1e-06,1.1e-15,0.9,True,0.051,1000000000000.0,20.0,0.45,1.0,1.0,1.0,1.0,rate_only,200.0,False,False,diffusion_limited,True,grain_cache,36241297.40951857,9.060324352379643e-08,67895671.8031364,756864.4926798303,663420.9785120931,3.6,2.4083189157584592,2.1109846043967258,837.6,15.993748778819805,14.019138917922168,3.2,2.3874672772626644,2.092707337398137,0.0,0.0,0.0,840.8,16.48332490731163,14.448271315281977,462.4,16.80178561939177,14.727414437028653,461.8,16.208022704821214,14.206958295145373,0.6,0.8944271909999159,0.7839999999999999,0.0,0.0,0.0,0.0,0.0,0.0,0.0,0.0,0.0,0.0,0.0,0.0,462.4,16.80178561939177,14.727414437028653,462.4,16.80178561939177,14.727414437028653,488.4,10.714476188783099,9.391652463757376,0.18495999999999999,0.006720714247756708,0.005890965774811462,5000.0,0.0,0.0,0.0,0.0,0.0,2.5031393754990166e-05,5.132108968471644e-07,4.4984918524040566e-07,7967740.097172566,163360.10216370184,143191.44295374432,6.810846503680268e-06,2.481335307308327e-07,2.174986293467806e-07,2167959.7754017334,78983.35592531349,69231.9639525042
1234,0.005,25,10.0,100.0,1000.0,0.5,constant,0,0.0,1.0,2.0,True,True,True,0.2,0.4,0.15,45.0,5.0,1.75,0.25,True,0.5,1e-06,1.1e-15,0.9,True,0.051,1000000000000.0,20.0,0.45,1.0,1.0,1.0,1.0,rate_only,200.0,False,False,diffusion_limited,True,grain_cache,36241297.40951857,9.060324352379643e-08,67309197.43533072,763021.7530699603,668818.0552047921,2.8,2.3874672772626644,2.092707337398137,828.6,21.743964679883014,19.059425384832565,3.8,2.588435821108957,2.2688640329468837,0.0,0.0,0.0,832.4,19.95745474753732,17.493480385560783,459.4,29.10841802640604,25.514653358413472,457.2,30.01999333777408,26.313684348642628,2.2,1.6431676725154984,1.4402999687565088,0.0,0.0,0.0,0.0,0.0,0.0,0.0,0.0,0.0,0.0,0.0,0.0,459.4,29.10841802640604,25.514653358413472,459.4,29.10841802640604,25.514653358413472,481.8,12.814054783713077,11.232014245005212,0.18375999999999998,0.01164336721056241,0.010205861343365383,5000.0,0.0,0.0,0.0,0.0,0.0,2.492746811925505e-05,6.31947723992701e-07,5.539266030769899e-07,7934659.539890143,201155.20809822207,176320.31397961036,6.8256265598552405e-06,4.345007087826943e-07,3.8085666347509814e-07,2172664.4134005792,138305.87115939573,121230.4412030967
1234,0.005,25,10.0,100.0,1000.0,0.5,constant,0,0.0,10.0,2.0,True,True,True,0.2,0.4,0.15,45.0,5.0,1.75,0.25,True,0.5,1e-06,1.1e-15,0.9,True,0.051,1000000000000.0,20.0,0.45,1.0,1.0,1.0,1.0,rate_only,200.0,False,False,diffusion_limited,True,grain_cache,36241297.40951857,9.060324352379643e-08,68212622.52227512,880283.8482760907,771602.8135022563,2.4,1.5165750888103102,1.3293366766925525,833.4,6.2289646009589745,5.459928204656174,2.0,0.7071067811865476,0.6198064213930023,0.0,0.0,0.0,835.4,6.5038450166036395,5.700871512321602,455.8,21.34713095476767,18.711585288264597,454.0,21.540659228538015,18.881220299546317,1.8,0.8366600265340756,0.7333648478076925,0.0,0.0,0.0,0.0,0.0,0.0,0.0,0.0,0.0,0.0,0.0,0.0,455.8,21.34713095476767,18.711585288264597,455.8,21.34713095476767,18.711585288264597,482.6,16.54690303349844,14.503999999999998,0.18232,0.008538852381907063,0.007484634115305832,5000.0,0.0,0.0,0.0,0.0,0.0,2.4771298037094994e-05,2.1749610059443668e-07,1.906437377819548e-07,7884949.058812462,69231.15902563295,60683.78647502604,6.681978411505871e-06,2.988948088985701e-07,2.619928514410526e-07,2126939.7876489796,95141.17260142963,83394.91472316816
1234,0.005,25,20.0,100.0,10.0,0.5,constant,0,0.0,0.0,2.0,True,True,True,0.2,0.4,0.15,45.0,5.0,1.75,0.25,True,0.5,1e-06,1.1e-15,0.9,True,0.051,1000000000000.0,20.0,0.45,1.0,1.0,1.0,1.0,rate_only,200.0,False,False,diffusion_limited,True,grain_cache,362412.9740951857,9.060324352379643e-10,6813910151.753797,119091229.11140573,104388064.85630518,7.0,1.8708286933869707,1.639853652006788,701.6,14.842506526863984,13.010030591816452,14.0,3.4641016151377544,3.0364189434266144,0.0,0.0,0.0,715.6,15.274161188098022,13.38839258462344,715.6,15.274161188098022,13.38839258462344,701.6,14.842506526863984,13.010030591816452,14.0,3.4641016151377544,3.0364189434266144,0.0,0.0,0.0,0.0,0.0,0.0,0.0,0.0,0.0,0.0,0.0,0.0,715.6,15.274161188098022,13.38839258462344,715.6,15.274161188098022,13.38839258462344,0.0,0.0,0.0,0.28624,0.006109664475239206,0.0053553570338493745,5000.0,0.0,0.0,0.0,0.0,0.0,3.6761582072158926e-07,8.560219921244497e-09,7.503363589330232e-09,117015.75005324984,2724.802628839546,2388.3948101152982,1.0506212615630013e-07,3.559611979485e-09,3.12013746898321e-09,33442.31341903894,1133.0596840483274,993.1706026298257
1234,0.005,25,20.0,100.0,10.0,0.5,constant,0,0.0,1.0,2.0,True,True,True,0.2,0.4,0.15,45.0,5.0,1.75,0.25,True,0.5,1e-06,1.1e-15,0.9,True,0.051,1000000000000.0,20.0,0.45,1.0,1.0,1.0,1.0,rate_only,200.0,False,False,diffusion_limited,True,grain_cache,362412.9740951857,9.060324352379643e-10,6852826271.108907,48447815.832505114,42466382.94864582,8.8,2.949576240750525,2.5854175678214917,704.2,22.55437873229941,19.769784621993225,12.8,4.658325879540847,4.083202664575933,0.0,0.0,0.0,717.0,18.34393632784414,16.079169132763045,717.0,18.34393632784414,16.079169132763045,704.2,22.55437873229941,19.769784621993225,12.8,4.658325879540847,4.083202664575933,0.0,0.0,0.0,0.0,0.0,0.0,0.0,0.0,0.0,0.0,0.0,0.0,717.0,18.34393632784414,16.079169132763045,717.0,18.34393632784414,16.079169132763045,0.0,0.0,0.0,0.28680000000000005,0.007337574531137659,0.006431667653105222,5000.0,0.0,0.0,0.0,0.0,0.0,3.6586818016825584e-07,4.201850358313054e-09,3.6830842287281756e-09,116459.4587876281,1337.4905093159507,1172.3621216517822,1.0463542112481441e-07,2.9171356022811246e-09,2.5569820944638707e-09,33306.488989032674,928.5531015447874,813.9126794627846
1234,0.005,25,20.0,100.0,10.0,0.5,constant,0,0.0,10.0,2.0,True,True,True,0.2,0.4,0.15,45.0,5.0,1.75,0.25,True,0.5,1e-06,1.1e-15,0.9,True,0.051,1000000000000.0,20.0,0.45,1.0,1.0,1.0,1.0,rate_only,200.0,False,False,diffusion_limited,True,grain_cache,362412.9740951857,9.060324352379643e-10,6773534904.318644,33043043.521188203,28963504.666769445,6.8,5.718391382198319,5.012391046197413,699.2,18.349386910739007,16.083946779320055,10.2,3.271085446759225,2.8672328123122472,0.0,0.0,0.0,709.4,15.533834040570923,13.616005875439388,709.4,15.533834040570923,13.616005875439388,699.2,18.349386910739007,16.083946779320055,10.2,3.271085446759225,2.8672328123122472,0.0,0.0,0.0,0.0,0.0,0.0,0.0,0.0,0.0,0.0,0.0,0.0,709.4,15.533834040570923,13.616005875439388,709.4,15.533834040570923,13.616005875439388,0.0,0.0,0.0,0.28375999999999996,0.0062135336162283785,0.005446402350175764,5000.0,0.0,0.0,0.0,0.0,0.0,3.6961165625465385e-07,3.984148344181596e-09,3.492259999773045e-09,117651.0442346212,1268.1938059757824,1111.6208830519631,1.0472917240148533e-07,2.125531897178325e-09,1.8631108536904527e-09,33336.330947239374,676.5778162708477,593.0466037859916
1234,0.005,25,20.0,100.0,100.0,0.5,constant,0,0.0,0.0,2.0,True,True,True,0.2,0.4,0.15,45.0,5.0,1.75,0.25,True,0.5,1e-06,1.1e-15,0.9,True,0.051,1000000000000.0,20.0,0.45,1.0,1.0,1.0,1.0,rate_only,200.0,False,False,diffusion_limited,True,grain_cache,3624129.740951857,9.060324352379643e-09,681392245.0123521,11909152.982467532,10438832.844310772,7.0,1.8708286933869707,1.639853652006788,701.6,14.842506526863984,13.010030591816452,14.0,3.4641016151377544,3.0364189434266144,0.0,0.0,0.0,715.6,15.274161188098022,13.38839258462344,715.6,15.274161188098022,13.38839258462344,701.6,14.842506526863984,13.010030591816452,14.0,3.4641016151377544,3.0364189434266144,0.0,0.0,0.0,0.0,0.0,0.0,0.0,0.0,0.0,0.0,0.0,0.0,715.6,15.274161188098022,13.38839258462344,715.6,15.274161188098022,13.38839258462344,0.0,0.0,0.0,0.28624,0.006109664475239206,0.0053553570338493745,5000.0,0.0,0.0,0.0,0.0,0.0,3.6761515770860552e-06,8.560227631149303e-08,7.50337034735976e-08,1170155.3900966244,27248.05082978481,23883.969612629204,1.0506193651002548e-06,3.5596043092454255e-08,3.12013074572179e-08,334422.5305275485,11330.57242535244,9931.684625492506
1234,0.005,25,20.0,100.0,100.0,0.5,constant,0,0.0,1.0,2.0,True,True,True,0.2,0.4,0.15,45.0,5.0,1.75,0.25,True,0.5,1e-06,1.1e-15,0.9,True,0.051,1000000000000.0,20.0,0.45,1.0,1.0,1.0,1.0,rate_only,200.0,False,False,diffusion_limited,True,grain_cache,3624129.740951857,9.060324352379643e-09,679649488.3133976,5821324.94155207,5102616.2890627645,7.4,3.286335345030997,2.8805999375130176,691.2,22.219360926903363,19.47612856807019,12.8,5.890670590009257,5.163400429949241,0.0,0.0,0.0,704.0,20.149441679609886,17.661764351275895,704.0,20.149441679609886,17.661764351275895,691.2,22.219360926903363,19.47612856807019,12.8,5.890670590009257,5.163400429949241,0.0,0.0,0.0,0.0,0.0,0.0,0.0,0.0,0.0,0.0,0.0,0.0,704.0,20.149441679609886,17.661764351275895,704.0,20.149441679609886,17.661764351275895,0.0,0.0,0.0,0.28159999999999996,0.008059776671843953,0.007064705740510356,5000.0,0.0,0.0,0.0,0.0,0.0,3.6503644708315046e-06,2.8655109477848574e-08,2.511731089650582e-08,1161947.0992397293,9121.204636478053,7995.088372709663,1.0357670140931292e-06,2.527603335015584e-08,2.215542007882008e-08,329694.8803689085,8045.6112988658115,7052.289243643297
1234,0.005,25,20.0,100.0,100.0,0.5,constant,0,0.0,10.0,2.0,True,True,True,0.2,0.4,0.15,45.0,5.0,1.75,0.25,True,0.5,1e-06,1.1e-15,0.9,True,0.051,1000000000000.0,20.0,0.45,1.0,1.0,1.0,1.0,rate_only,200.0,False,False,diffusion_limited,True,grain_cache,3624129.740951857,9.060324352379643e-09,685283847.4056183,4844596.336181786,4246475.918649567,8.8,2.949576240750525,2.5854175678214917,704.2,22.55437873229941,19.769784621993225,12.8,4.658325879540847,4.083202664575933,0.0,0.0,0.0,717.0,18.34393632784414,16.079169132763045,717.0,18.34393632784414,16.079169132763045,704.2,22.55437873229941,19.769784621993225,12.8,4.658325879540847,4.083202664575933,0.0,0.0,0.0,0.0,0.0,0.0,0.0,0.0,0.0,0.0,0.0,0.0,717.0,18.34393632784414,16.079169132763045,717.0,18.34393632784414,16.079169132763045,0.0,0.0,0.0,0.28680000000000005,0.007337574531137659,0.006431667653105222,5000.0,0.0,0.0,0.0,0.0,0.0,3.6586752722682103e-06,4.2017511214469595e-08,3.6829972437798194e-08,1164592.5094991429,13374.589212403996,11723.344334827716,1.0463523382461234e-06,2.9170941612316473e-08,2.556945769782424e-08,333064.29369526665,9285.399104490449,8139.011169575676
1234,0.005,25,20.0,100.0,1000.0,0.5,constant,0,0.0,0.0,2.0,True,True,True,0.2,0.4,0.15,45.0,5.0,1.75,0.25,True,0.5,1e-06,1.1e-15,0.9,True,0.051,1000000000000.0,20.0,0.45,1.0,1.0,1.0,1.0,rate_only,200.0,False,False,diffusion_limited,True,grain_cache,36241297.40951857,9.060324352379643e-08,68140451.68014963,1190945.4200463083,1043909.6873525096,7.0,1.8708286933869707,1.639853652006788,701.6,14.842506526863984,13.010030591816452,14.0,3.4641016151377544,3.0364189434266144,0.0,0.0,0.0,715.6,15.274161188098022,13.38839258462344,715.6,15.274161188098022,13.38839258462344,701.6,14.842506526863984,13.010030591816452,14.0,3.4641016151377544,3.0364189434266144,0.0,0.0,0.0,0.0,0.0,0.0,0.0,0.0,0.0,0.0,0.0,0.0,715.6,15.274161188098022,13.38839258462344,715.6,15.274161188098022,13.38839258462344,0.0,0.0,0.0,0.28624,0.006109664475239206,0.0053553570338493745,5000.0,0.0,0.0,0.0,0.0,0.0,3.676085420348447e-05,8.560303829069183e-07,7.50343713778137e-07,11701343.317530058,272482.93375296815,238841.82213144176,1.0506004419399187e-05,3.559528051448191e-07,3.120063902815365e-07,3344165.0709853554,113303.29689244842,99314.7185791313
1234,0.005,25,20.0,100.0,1000.0,0.5,constant,0,0.0,1.0,2.0,True,True,True,0.2,0.4,0.15,45.0,5.0,1.75,0.25,True,0.5,1e-06,1.1e-15,0.9,True,0.051,1000000000000.0,20.0,0.45,1.0,1.0,1.0,1.0,rate_only,200.0,False,False,diffusion_limited,True,grain_cache,36241297.40951857,9.060324352379643e-08,67854548.92787713,670884.8383666846,588056.4886354514,9.6,9.396807968666806,8.23666534466467,699.6,8.820430828479978,7.73144850593988,14.6,3.0495901363953815,2.673083612609228,0.0,0.0,0.0,714.2,6.760177512462229,5.925556851469741,714.2,6.760177512462229,5.925556851469741,699.6,8.820430828479978,7.73144850593988,14.6,3.0495901363953815,2.673083612609228,0.0,0.0,0.0,0.0,0.0,0.0,0.0,0.0,0.0,0.0,0.0,0.0,714.2,6.760177512462229,5.925556851469741,714.2,6.760177512462229,5.925556851469741,0.0,0.0,0.0,0.28568000000000005,0.002704071004984897,0.0023702227405879017,5000.0,0.0,0.0,0.0,0.0,0.0,3.706481339179616e-05,8.27644164425087e-07,7.254620962315189e-07,11798096.532166073,263447.31977882836,230921.75728210932,1.0525656392147667e-05,6.62574796048919e-08,5.807724153842293e-08,3350420.4881942114,21090.41079185783,18486.560143963794
1234,0.005,25,20.0,100.0,1000.0,0.5,constant,0,0.0,10.0,2.0,True,True,True,0.2,0.4,0.15,45.0,5.0,1.75,0.25,True,0.5,1e-06,1.1e-15,0.9,True,0.051,1000000000000.0,20.0,0.45,1.0,1.0,1.0,1.0,rate_only,200.0,False,False,diffusion_limited,True,grain_cache,36241297.40951857,9.060324352379643e-08,67966070.54020485,582214.4490448269,510333.46553435357,7.4,3.286335345030997,2.8805999375130176,691.2,22.219360926903363,19.47612856807019,12.8,5.890670590009257,5.163400429949241,0.0,0.0,0.0,704.0,20.149441679609886,17.661764351275895,704.0,20.149441679609886,17.661764351275895,691.2,22.219360926903363,19.47612856807019,12.8,5.890670590009257,5.163400429949241,0.0,0.0,0.0,0.0,0.0,0.0,0.0,0.0,0.0,0.0,0.0,0.0,704.0,20.149441679609886,17.661764351275895,704.0,20.149441679609886,17.661764351275895,0.0,0.0,0.0,0.28159999999999996,0.008059776671843953,0.007064705740510356,5000.0,0.0,0.0,0.0,0.0,0.0,3.650304219548703e-05,2.8649625279930633e-07,2.511250378508196e-07,11619279.20660758,91194.58962063037,79935.5822161951,1.0357498683181552e-05,2.527259528848135e-07,2.2152406484891e-07,3296894.22699228,80445.16929845493,70513.29986902712
1234,0.005,25,50.0,100.0,10.0,0.5,constant,0,0.0,0.0,2.0,True,True,True,0.2,0.4,0.15,45.0,5.0,1.75,0.25,True,0.5,1e-06,1.1e-15,0.9,True,0.051,1000000000000.0,20.0,0.45,1.0,1.0,1.0,1.0,rate_only,200.0,False,False,diffusion_limited,True,grain_cache,362412.9740951857,9.060324352379643e-10,6831284908.454877,143077621.42485088,125413064.72545917,5.0,2.1213203435596424,1.8594192641790066,681.6,10.406728592598155,9.121899802124554,15.4,4.39317652729776,3.8507890100601463,0.0,0.0,0.0,697.0,13.095800853708795,11.478975564047516,697.0,13.095800853708795,11.478975564047516,681.6,10.406728592598155,9.121899802124554,15.4,4.39317652729776,3.8507890100601463,0.0,0.0,0.0,0.0,0.0,0.0,0.0,0.0,0.0,0.0,0.0,0.0,697.0,13.095800853708795,11.478975564047516,697.0,13.095800853708795,11.478975564047516,0.0,0.0,0.0,0.27880000000000005,0.005238320341483524,0.004591590225619012,5000.0,0.0,0.0,0.0,0.0,0.0,3.636083221942751e-07,1.2567116195456772e-08,1.101556302891851e-08,115740.12365313878,4000.2373258343137,3506.36261398542,1.020665458387947e-07,2.8660208863475667e-09,2.5121780705084842e-09,32488.790589119388,912.2827821336584,799.6511156969683
1234,0.005,25,50.0,100.0,10.0,0.5,constant,0,0.0,1.0,2.0,True,True,True,0.2,0.4,0.15,45.0,5.0,1.75,0.25,True,0.5,1e-06,1.1e-15,0.9,True,0.051,1000000000000.0,20.0,0.45,1.0,1.0,1.0,1.0,rate_only,200.0,False,False,diffusion_limited,True,grain_cache,362412.9740951857,9.060324352379643e-10,6770754921.80875,44576115.4829524,39072687.96196287,5.4,1.51657508881031,1.3293366766925523,687.0,12.62933094031509,11.070096657211264,12.2,2.4899799195977463,2.1825636302293683,0.0,0.0,0.0,699.2,11.233877335986895,9.846927642671089,699.2,11.233877335986895,9.846927642671089,687.0,12.62933094031509,11.070096657211264,12.2,2.4899799195977463,2.1825636302293683,0.0,0.0,0.0,0.0,0.0,0.0,0.0,0.0,0.0,0.0,0.0,0.0,699.2,11.233877335986895,9.846927642671089,699.2,11.233877335986895,9.846927642671089,0.0,0.0,0.0,0.27968000000000004,0.004493550934394755,0.003938771057068433,5000.0,0.0,0.0,0.0,0.0,0.0,3.69858181019866e-07,1.7235000404548315e-09,1.5107143938748111e-09,117729.51550457734,548.6071017149369,480.8753267705062,1.0326922884284187e-07,1.6372560476792085e-09,1.4351182011198718e-09,32871.61647925282,521.1547861904895,456.8123112587508
1234,0.005,25,50.0,100.0,10.0,0.5,constant,0,0.0,10.0,2.0,True,True,True,0.2,0.4,0.15,45.0,5.0,1.75,0.25,True,0.5,1e-06,1.1e-15,0.9,True,0.051,1000000000000.0,20.0,0.45,1.0,1.0,1.0,1.0,rate_only,200.0,False,False,diffusion_limited,True,grain_cache,362412.9740951857,9.060324352379643e-10,6774008653.515117,19188485.714756902,16819449.30984419,5.0,3.5355339059327378,3.0990321069650117,656.0,17.219175357722563,15.093272673611908,12.4,1.816590212458495,1.592311527308648,0.0,0.0,0.0,668.4,18.036074961032956,15.80931674677941,668.4,18.036074961032956,15.80931674677941,656.0,17.219175357722563,15.093272673611908,12.4,1.816590212458495,1.592311527308648,0.0,0.0,0.0,0.0,0.0,0.0,0.0,0.0,0.0,0.0,0.0,0.0,668.4,18.036074961032956,15.80931674677941,668.4,18.036074961032956,15.80931674677941,0.0,0.0,0.0,0.26736,0.007214429984413181,0.006323726698711763,5000.0,0.0,0.0,0.0,0.0,0.0,3.65421944631653e-07,2.4192484204671518e-09,2.1205647376684293e-09,116317.41760476089,770.0706893692088,674.9967202925928,9.866827508868072e-08,2.50200198801964e-09,2.1931014378201996e-09,31407.087413428893,796.4119680381472,698.0858690620532
1234,0.005,25,50.0,100.0,100.0,0.5,constant,0,0.0,0.0,2.0,True,True,True,0.2,0.4,0.15,45.0,5.0,1.75,0.25,True,0.5,1e-06,1.1e-15,0.9,True,0.051,1000000000000.0,20.0,0.45,1.0,1.0,1.0,1.0,rate_only,200.0,False,False,diffusion_limited,True,grain_cache,3624129.740951857,9.060324352379643e-09,683129319.3159287,14307772.935364777,12541315.93292208,5.0,2.1213203435596424,1.8594192641790066,681.6,10.406728592598155,9.121899802124554,15.4,4.39317652729776,3.8507890100601463,0.0,0.0,0.0,697.0,13.095800853708795,11.478975564047516,697.0,13.095800853708795,11.478975564047516,681.6,10.406728592598155,9.121899802124554,15.4,4.39317652729776,3.8507890100601463,0.0,0.0,0.0,0.0,0.0,0.0,0.0,0.0,0.0,0.0,0.0,0.0,697.0,13.095800853708795,11.478975564047516,697.0,13.095800853708795,11.478975564047516,0.0,0.0,0.0,0.27880000000000005,0.005238320341483524,0.004591590225619012,5000.0,0.0,0.0,0.0,0.0,0.0,3.6360788106161743e-06,1.256709921253356e-07,1.1015548142729973e-07,1157399.832362527,40002.31920001956,35063.57875564438,1.0206642186354776e-06,2.8660097710098505e-08,2.5121683274853995e-08,324887.5112657264,9122.792440117772,7996.48014396401
1234,0.005,25,50.0,100.0,100.0,0.5,constant,0,0.0,1.0,2.0,True,True,True,0.2,0.4,0.15,45.0,5.0,1.75,0.25,True,0.5,1e-06,1.1e-15,0.9,True,0.051,1000000000000.0,20.0,0.45,1.0,1.0,1.0,1.0,rate_only,200.0,False,False,diffusion_limited,True,grain_cache,3624129.740951857,9.060324352379643e-09,680503553.7715089,5293546.353730274,4639997.95968292,6.8,4.969909455915671,4.356317711095002,672.0,12.041594578792296,10.554923021983628,13.2,1.9235384061671343,1.6860557523403545,0.0,0.0,0.0,685.2,11.882760622010357,10.415698920379754,685.2,11.882760622010357,10.415698920379754,672.0,12.041594578792296,10.554923021983628,13.2,1.9235384061671343,1.6860557523403545,0.0,0.0,0.0,0.0,0.0,0.0,0.0,0.0,0.0,0.0,0.0,0.0,685.2,11.882760622010357,10.415698920379754,685.2,11.882760622010357,10.415698920379754,0.0,0.0,0.0,0.27408,0.004753104248804153,0.00416627956815191,5000.0,0.0,0.0,0.0,0.0,0.0,3.6390447025901854e-06,4.830459474943334e-08,4.234084413424245e-08,1158343.905099208,15375.830056846153,13477.50927729624,1.0068476300706134e-06,1.0433931937056792e-08,9.145744584875098e-09,320489.55453219614,3321.2236873339643,2911.1809178776107
1234,0.005,25,50.0,100.0,100.0,0.5,constant,0,0.0,10.0,2.0,True,True,True,0.2,0.4,0.15,45.0,5.0,1.75,0.25,True,0.5,1e-06,1.1e-15,0.9,True,0.051,1000000000000.0,20.0,0.45,1.0,1.0,1.0,1.0,rate_only,200.0,False,False,diffusion_limited,True,grain_cache,3624129.740951857,9.060324352379643e-09,677076415.3011053,4457552.245568923,3907216.8150647865,5.4,1.51657508881031,1.3293366766925523,687.0,12.62933094031509,11.070096657211264,12.2,2.4899799195977463,2.1825636302293683,0.0,0.0,0.0,699.2,11.233877335986895,9.846927642671089,699.2,11.233877335986895,9.846927642671089,687.0,12.62933094031509,11.070096657211264,12.2,2.4899799195977463,2.1825636302293683,0.0,0.0,0.0,0.0,0.0,0.0,0.0,0.0,0.0,0.0,0.0,0.0,699.2,11.233877335986895,9.846927642671089,699.2,11.233877335986895,9.846927642671089,0.0,0.0,0.0,0.27968000000000004,0.004493550934394755,0.003938771057068433,5000.0,0.0,0.0,0.0,0.0,0.0,3.698576766302659e-06,1.7235144401036535e-08,1.5107270157235094e-08,1177293.5495238118,5486.11685265507,4808.793444297222,1.0326908797597415e-06,1.6372520540099415e-08,1.4351147005144155e-08,328715.7163993619,5211.535149660831,4568.111969814293
1234,0.005,25,50.0,100.0,1000.0,0.5,constant,0,0.0,0.0,2.0,True,True,True,0.2,0.4,0.15,45.0,5.0,1.75,0.25,True,0.5,1e-06,1.1e-15,0.9,True,0.051,1000000000000.0,20.0,0.45,1.0,1.0,1.0,1.0,rate_only,200.0,False,False,diffusion_limited,True,grain_cache,36241297.40951857,9.060324352379643e-08,68313528.73943779,1430777.2224301582,1254131.5309647708,5.0,2.1213203435596424,1.8594192641790066,681.6,10.406728592598155,9.121899802124554,15.4,4.39317652729776,3.8507890100601463,0.0,0.0,0.0,697.0,13.095800853708795,11.478975564047516,697.0,13.095800853708795,11.478975564047516,681.6,10.406728592598155,9.121899802124554,15.4,4.39317652729776,3.8507890100601463,0.0,0.0,0.0,0.0,0.0,0.0,0.0,0.0,0.0,0.0,0.0,0.0,697.0,13.095800853708795,11.478975564047516,697.0,13.095800853708795,11.478975564047516,0.0,0.0,0.0,0.27880000000000005,0.005238320341483524,0.004591590225619012,5000.0,0.0,0.0,0.0,0.0,0.0,3.6360470036205187e-05,1.256688139879123e-06,1.1015357220566933e-06,11573897.078813601,400016.2587734432,350629.71031524567,1.0206552890988728e-05,2.8659423702968765e-07,2.5121092481556303e-07,3248846.6890594605,91225.77896985029,79962.92088616674
1234,0.005,25,50.0,100.0,1000.0,0.5,constant,0,0.0,1.0,2.0,True,True,True,0.2,0.4,0.15,45.0,5.0,1.75,0.25,True,0.5,1e-06,1.1e-15,0.9,True,0.051,1000000000000.0,20.0,0.45,1.0,1.0,1.0,1.0,rate_only,200.0,False,False,diffusion_limited,True,grain_cache,36241297.40951857,9.060324352379643e-08,68009961.5262578,1167677.4696599261,1023514.4295981809,11.0,7.416198487095663,6.500584589096584,684.4,19.982492337043446,17.515426800395133,13.0,2.23606797749979,1.9599999999999997,0.0,0.0,0.0,697.4,21.419617176784463,18.775122263250378,697.4,21.419617176784463,18.775122263250378,684.4,19.982492337043446,17.515426800395133,13.0,2.23606797749979,1.9599999999999997,0.0,0.0,0.0,0.0,0.0,0.0,0.0,0.0,0.0,0.0,0.0,0.0,697.4,21.419617176784463,18.775122263250378,697.4,21.419617176784463,18.775122263250378,0.0,0.0,0.0,0.27896,0.008567846870713778,0.007510048905300144,5000.0,0.0,0.0,0.0,0.0,0.0,3.6923864775804783e-05,1.1720488726069709e-06,1.0273461332236619e-06,11753231.194252094,373074.7432413649,327014.43073778105,1.0258864373420888e-05,4.2499423021925457e-07,3.725238676156558e-07,3265497.9510785467,135279.86504985846,118578.02990148473
1234,0.005,25,50.0,100.0,1000.0,0.5,constant,0,0.0,10.0,2.0,True,True,True,0.2,0.4,0.15,45.0,5.0,1.75,0.25,True,0.5,1e-06,1.1e-15,0.9,True,0.051,1000000000000.0,20.0,0.45,1.0,1.0,1.0,1.0,rate_only,200.0,False,False,diffusion_limited,True,grain_cache,36241297.40951857,9.060324352379643e-08,68050938.38929453,529356.1848483235,464001.1541432718,6.8,4.969909455915671,4.356317711095002,672.0,12.041594578792296,10.554923021983628,13.2,1.9235384061671343,1.6860557523403545,0.0,0.0,0.0,685.2,11.882760622010357,10.415698920379754,685.2,11.882760622010357,10.415698920379754,672.0,12.041594578792296,10.554923021983628,13.2,1.9235384061671343,1.6860557523403545,0.0,0.0,0.0,0.0,0.0,0.0,0.0,0.0,0.0,0.0,0.0,0.0,685.2,11.882760622010357,10.415698920379754,685.2,11.882760622010357,10.415698920379754,0.0,0.0,0.0,0.27408,0.004753104248804153,0.00416627956815191,5000.0,0.0,0.0,0.0,0.0,0.0,3.6390135206094946e-05,4.830378029010103e-07,4.234013022916112e-07,11583339.795664834,153755.70806388953,134772.82034251204,1.0068390037574413e-05,1.0433831604378169e-07,9.145656639404708e-08,3204868.0869143223,33211.91750450439,29111.5292396493
1234,0.005,25,150.0,100.0,10.0,0.5,constant,0,0.0,0.0,2.0,True,True,True,0.2,0.4,0.15,45.0,5.0,1.75,0.25,True,0.5,1e-06,1.1e-15,0.9,True,0.051,1000000000000.0,20.0,0.45,1.0,1.0,1.0,1.0,rate_only,200.0,False,False,diffusion_limited,True,grain_cache,362412.9740951857,9.060324352379643e-10,6828267654.793849,103392369.74169843,90627407.90211418,237.0,5.1478150704935,4.512258857822764,0.0,0.0,0.0,419.2,12.93058390019569,11.334156519123951,0.0,0.0,0.0,419.2,12.93058390019569,11.334156519123951,419.2,12.93058390019569,11.334156519123951,0.0,0.0,0.0,419.2,12.93058390019569,11.334156519123951,0.0,0.0,0.0,0.0,0.0,0.0,0.0,0.0,0.0,0.0,0.0,0.0,419.2,12.93058390019569,11.334156519123951,419.2,12.93058390019569,11.334156519123951,0.0,0.0,0.0,0.16768,0.0051722335600782815,0.004533662607649585,5000.0,0.0,0.0,0.0,0.0,0.0,3.3408784291367544e-07,8.623650938838313e-09,7.55896332768116e-09,106343.46325324013,2744.9933488303586,2406.0927565016336,6.141413269761309e-08,2.4536982591287112e-09,2.150761352644399e-09,19548.725589053432,781.0364135926234,684.6086013687326
1234,0.005,25,150.0,100.0,10.0,0.5,constant,0,0.0,1.0,2.0,True,True,True,0.2,0.4,0.15,45.0,5.0,1.75,0.25,True,0.5,1e-06,1.1e-15,0.9,True,0.051,1000000000000.0,20.0,0.45,1.0,1.0,1.0,1.0,rate_only,200.0,False,False,diffusion_limited,True,grain_cache,362412.9740951857,9.060324352379643e-10,6839599346.0774555,70870708.031723,62120914.54280939,226.4,8.677557259966655,7.6062143014774435,0.0,0.0,0.0,440.8,16.037456157383563,14.057450124400226,0.0,0.0,0.0,440.8,16.037456157383563,14.057450124400226,440.8,16.037456157383563,14.057450124400226,0.0,0.0,0.0,440.8,16.037456157383563,14.057450124400226,0.0,0.0,0.0,0.0,0.0,0.0,0.0,0.0,0.0,0.0,0.0,0.0,440.8,16.037456157383563,14.057450124400226,440.8,16.037456157383563,14.057450124400226,0.0,0.0,0.0,0.17632,0.006414982462953428,0.005622980049760093,5000.0,0.0,0.0,0.0,0.0,0.0,3.3158636265558413e-07,6.0634729548826044e-09,5.314868381084815e-09,105547.21735699607,1930.063386147178,1691.775149464938,6.445282287123304e-08,2.4114409301196024e-09,2.113721170641318e-09,20515.9707123662,767.5854880053048,672.8183452511066
1234,0.005,25,150.0,100.0,10.0,0.5,constant,0,0.0,10.0,2.0,True,True,True,0.2,0.4,0.15,45.0,5.0,1.75,0.25,True,0.5,1e-06,1.1e-15,0.9,True,0.051,1000000000000.0,20.0,0.45,1.0,1.0,1.0,1.0,rate_only,200.0,False,False,diffusion_limited,True,grain_cache,362412.9740951857,9.060324352379643e-10,6816701802.211305,49949340.22804242,43782527.11101774,162.6,11.781341180018513,10.326800859898482,0.0,0.0,0.0,314.6,28.56221279943135,25.03588336767848,0.0,0.0,0.0,314.6,28.56221279943135,25.03588336767848,314.6,28.56221279943135,25.03588336767848,0.0,0.0,0.0,314.6,28.56221279943135,25.03588336767848,0.0,0.0,0.0,0.0,0.0,0.0,0.0,0.0,0.0,0.0,0.0,0.0,314.6,28.56221279943135,25.03588336767848,314.6,28.56221279943135,25.03588336767848,0.0,0.0,0.0,0.12584,0.011424885119772538,0.010014353347071391,5000.0,0.0,0.0,0.0,0.0,0.0,3.431681553080216e-07,4.232874466703661e-09,3.7102780587268422e-09,109233.8164579977,1347.3657897267149,1181.018186583556,4.6174155257196545e-08,4.489771424138406e-09,3.93545817026133e-09,14697.690104550906,1429.1386310087305,1252.6952422569518
1234,0.005,25,150.0,100.0,100.0,0.5,constant,0,0.0,0.0,2.0,True,True,True,0.2,0.4,0.15,45.0,5.0,1.75,0.25,True,0.5,1e-06,1.1e-15,0.9,True,0.051,1000000000000.0,20.0,0.45,1.0,1.0,1.0,1.0,rate_only,200.0,False,False,diffusion_limited,True,grain_cache,3624129.740951857,9.060324352379643e-09,682829911.1891719,10339237.326219019,9062741.098796126,237.0,5.1478150704935,4.512258857822764,0.0,0.0,0.0,419.2,12.93058390019569,11.334156519123951,0.0,0.0,0.0,419.2,12.93058390019569,11.334156519123951,419.2,12.93058390019569,11.334156519123951,0.0,0.0,0.0,419.2,12.93058390019569,11.334156519123951,0.0,0.0,0.0,0.0,0.0,0.0,0.0,0.0,0.0,0.0,0.0,0.0,419.2,12.93058390019569,11.334156519123951,419.2,12.93058390019569,11.334156519123951,0.0,0.0,0.0,0.16768,0.0051722335600782815,0.004533662607649585,5000.0,0.0,0.0,0.0,0.0,0.0,3.3408629789727045e-06,8.623336596858836e-08,7.558687794787717e-08,1063429.7145924415,27448.932906706563,24060.050516576892,6.141384812698682e-07,2.453636798186421e-08,2.1507074797531898e-08,195486.35007409778,7810.16849967082,6845.914530948667
1234,0.005,25,150.0,100.0,100.0,0.5,constant,0,0.0,1.0,2.0,True,True,True,0.2,0.4,0.15,45.0,5.0,1.75,0.25,True,0.5,1e-06,1.1e-15,0.9,True,0.051,1000000000000.0,20.0,0.45,1.0,1.0,1.0,1.0,rate_only,200.0,False,False,diffusion_limited,True,grain_cache,3624129.740951857,9.060324352379643e-09,685002455.9344317,8838508.107316786,7747293.939476189,227.0,5.385164807134504,4.720305074886579,0.0,0.0,0.0,428.6,14.046351839534704,12.312170239238895,0.0,0.0,0.0,428.6,14.046351839534704,12.312170239238895,428.6,14.046351839534704,12.312170239238895,0.0,0.0,0.0,428.6,14.046351839534704,12.312170239238895,0.0,0.0,0.0,0.0,0.0,0.0,0.0,0.0,0.0,0.0,0.0,0.0,428.6,14.046351839534704,12.312170239238895,428.6,14.046351839534704,12.312170239238895,0.0,0.0,0.0,0.17143999999999998,0.005618540735813878,0.0049248680956955546,5000.0,0.0,0.0,0.0,0.0,0.0,3.3150001946011678e-06,6.246974853438292e-08,5.4757148869997644e-08,1055197.3346427414,19884.738545909488,17429.74182455786,6.258157717249832e-07,2.353323545471276e-08,2.0627790369240393e-08,199203.34706980048,7490.861499125975,6566.029604656011
1234,0.005,25,150.0,100.0,100.0,0.5,constant,0,0.0,10.0,2.0,True,True,True,0.2,0.4,0.15,45.0,5.0,1.75,0.25,True,0.5,1e-06,1.1e-15,0.9,True,0.051,1000000000000.0,20.0,0.45,1.0,1.0,1.0,1.0,rate_only,200.0,False,False,diffusion_limited,True,grain_cache,3624129.740951857,9.060324352379643e-09,683962052.3812903,7087227.153229657,6212228.501148701,226.4,8.677557259966655,7.6062143014774435,0.0,0.0,0.0,440.8,16.037456157383563,14.057450124400226,0.0,0.0,0.0,440.8,16.037456157383563,14.057450124400226,440.8,16.037456157383563,14.057450124400226,0.0,0.0,0.0,440.8,16.037456157383563,14.057450124400226,0.0,0.0,0.0,0.0,0.0,0.0,0.0,0.0,0.0,0.0,0.0,0.0,440.8,16.037456157383563,14.057450124400226,440.8,16.037456157383563,14.057450124400226,0.0,0.0,0.0,0.17632,0.006414982462953428,0.005622980049760093,5000.0,0.0,0.0,0.0,0.0,0.0,3.3158533708760056e-06,6.063494641308605e-08,5.314887390075324e-08,1055468.9090856798,19300.702891509678,16917.812002145416,6.44526240273094e-07,2.4114546169289966e-08,2.1137331676587087e-08,205159.07418379505,7675.898446520462,6728.221640203476
1234,0.005,25,150.0,100.0,1000.0,0.5,constant,0,0.0,0.0,2.0,True,True,True,0.2,0.4,0.15,45.0,5.0,1.75,0.25,True,0.5,1e-06,1.1e-15,0.9,True,0.051,1000000000000.0,20.0,0.45,1.0,1.0,1.0,1.0,rate_only,200.0,False,False,diffusion_limited,True,grain_cache,36241297.40951857,9.060324352379643e-08,68280958.44546746,1025220.1292887876,898645.065188414,237.0,5.1478150704935,4.512258857822764,0.0,0.0,0.0,419.2,12.93058390019569,11.334156519123951,0.0,0.0,0.0,419.2,12.93058390019569,11.334156519123951,419.2,12.93058390019569,11.334156519123951,0.0,0.0,0.0,419.2,12.93058390019569,11.334156519123951,0.0,0.0,0.0,0.0,0.0,0.0,0.0,0.0,0.0,0.0,0.0,0.0,419.2,12.93058390019569,11.334156519123951,419.2,12.93058390019569,11.334156519123951,0.0,0.0,0.0,0.16768,0.0051722335600782815,0.004533662607649585,5000.0,0.0,0.0,0.0,0.0,0.0,3.340947736092243e-05,8.577767168368823e-07,7.51874442958632e-07,10634566.936215144,273038.8091074532,239329.06836266277,6.141526172452445e-06,2.444088993755228e-07,2.1423384601735338e-07,1954908.4969481088,77797.76894252822,68192.75114249947
1234,0.005,25,150.0,100.0,1000.0,0.5,constant,0,0.0,1.0,2.0,True,True,True,0.2,0.4,0.15,45.0,5.0,1.75,0.25,True,0.5,1e-06,1.1e-15,0.9,True,0.051,1000000000000.0,20.0,0.45,1.0,1.0,1.0,1.0,rate_only,200.0,False,False,diffusion_limited,True,grain_cache,36241297.40951857,9.060324352379643e-08,67505108.58528195,844485.0133633249,740223.7511772034,234.2,11.562871615649808,10.135303843496748,0.0,0.0,0.0,422.6,7.893034904268446,6.918550137131333,0.0,0.0,0.0,422.6,7.893034904268446,6.918550137131333,422.6,7.893034904268446,6.918550137131333,0.0,0.0,0.0,422.6,7.893034904268446,6.918550137131333,0.0,0.0,0.0,0.0,0.0,0.0,0.0,0.0,0.0,0.0,0.0,0.0,422.6,7.893034904268446,6.918550137131333,422.6,7.893034904268446,6.918550137131333,0.0,0.0,0.0,0.16904,0.0031572139617073803,0.002767420054852535,5000.0,0.0,0.0,0.0,0.0,0.0,3.379925944819672e-05,8.301182325516594e-07,7.276307125602157e-07,10758638.428051908,264234.8401226085,231612.04929887305,6.260410993104011e-06,9.869451295866547e-08,8.650955487286947e-08,1992750.7106786892,31415.439186837528,27536.846565393535
1234,0.005,25,150.0,100.0,1000.0,0.5,constant,0,0.0,10.0,2.0,True,True,True,0.2,0.4,0.15,45.0,5.0,1.75,0.25,True,0.5,1e-06,1.1e-15,0.9,True,0.051,1000000000000.0,20.0,0.45,1.0,1.0,1.0,1.0,rate_only,200.0,False,False,diffusion_limited,True,grain_cache,36241297.40951857,9.060324352379643e-08,68499294.30088344,878633.2663430704,770156.0146476271,227.0,5.385164807134504,4.720305074886579,0.0,0.0,0.0,428.6,14.046351839534704,12.312170239238895,0.0,0.0,0.0,428.6,14.046351839534704,12.312170239238895,428.6,14.046351839534704,12.312170239238895,0.0,0.0,0.0,428.6,14.046351839534704,12.312170239238895,0.0,0.0,0.0,0.0,0.0,0.0,0.0,0.0,0.0,0.0,0.0,0.0,428.6,14.046351839534704,12.312170239238895,428.6,14.046351839534704,12.312170239238895,0.0,0.0,0.0,0.17143999999999998,0.005618540735813878,0.0049248680956955546,5000.0,0.0,0.0,0.0,0.0,0.0,3.3150411640632584e-05,6.230478816539968e-07,5.461255473133077e-07,10552103.75627556,198322.30029633595,173837.16080735964,6.258240599354786e-06,2.3535203703546707e-07,2.0629515615410615e-07,1992059.8528913986,74914.8801218828,65665.78767568084
